bol_1_S1;bol_2_S1;bol_3_S1;bol_4_S1;bol_5_S1;bol_6_S1;bol_1_S2;bol_2_S2;bol_3_S2;bol_4_S2;bol_5_S2;bol_6_S2
41;48;15;7;24;50;43;37;41;49;44;9
11;38;32;4;9;42;13;9;46;29;19;24
42;34;11;44;45;47;24;47;48;30;40;12
38;44;50;46;43;29;44;46;2;7;49;11
32;16;12;40;25;7;12;19;3;49;10;26
16;14;31;13;41;9;2;31;42;35;36;47
24;32;9;17;6;23;45;30;5;28;32;8
29;32;11;39;38;24;39;2;30;31;17;14
44;22;37;18;42;10;26;31;42;46;10;37
31;19;44;34;17;39;24;20;11;4;40;5
4;36;27;2;8;43;43;5;8;45;17;40
28;29;48;21;45;12;15;18;25;31;19;20
1;3;31;33;37;46;43;31;4;13;49;47
47;6;39;38;33;7;19;26;12;5;14;16
43;44;40;30;4;32;23;20;7;28;13;34
25;21;46;26;19;41;22;6;5;31;38;27
3;5;44;43;47;14;27;43;37;36;1;2
28;35;50;41;15;27;1;13;23;14;22;38
10;19;34;33;25;5;47;32;39;27;15;24
7;13;26;16;49;45;18;39;48;43;25;47
37;30;14;44;17;6;14;9;24;6;26;20
2;42;27;34;17;29;13;43;28;7;42;34
9;8;42;22;11;10;37;4;8;7;34;20
26;24;19;25;44;42;1;11;6;15;16;36
15;35;46;42;6;30;24;33;23;44;41;19
38;2;23;4;17;8;4;39;26;19;49;48
32;29;19;35;7;5;42;47;3;37;28;44
38;22;1;26;13;10;27;49;34;40;30;31
50;23;39;19;12;1;47;45;41;35;25;16
33;36;8;21;18;46;28;5;3;15;43;13
20;19;29;5;32;43;35;31;49;46;47;36
30;47;18;39;20;24;14;6;12;39;26;25
24;17;32;11;19;16;33;21;22;25;49;13
7;29;41;40;45;1;29;24;45;22;1;15
6;26;2;30;1;45;8;7;47;33;13;28
14;12;50;9;22;17;44;13;42;41;45;2
45;25;33;48;47;11;45;30;10;29;11;47
18;19;31;39;46;2;29;24;48;45;15;22
50;15;3;12;44;37;7;46;34;22;44;28
15;21;9;32;4;23;8;15;36;41;9;6
25;32;47;34;22;15;43;6;33;26;28;18
42;5;6;39;14;48;38;4;45;43;21;27
34;1;32;39;43;10;26;32;39;11;41;5
28;9;35;45;3;15;3;42;33;4;45;30
19;23;47;28;2;44;42;21;30;36;46;49
29;26;14;41;9;1;20;34;39;42;30;16
37;13;21;26;34;3;6;30;28;44;22;9
43;16;42;41;32;23;18;2;19;49;39;42
41;33;21;45;2;15;32;45;49;41;29;35
33;7;36;40;26;8;13;35;34;42;2;15
11;28;7;12;22;4;33;41;47;45;48;42
3;17;42;26;48;39;7;8;48;14;43;34
20;23;4;29;42;5;3;8;34;48;35;25
5;23;34;4;36;27;44;37;24;45;10;32
45;44;4;27;43;33;17;42;46;6;24;26
18;10;33;47;40;3;39;18;41;14;15;40
18;1;35;38;23;46;11;48;15;44;30;47
14;32;42;33;23;25;40;9;49;29;14;48
38;33;2;16;28;46;28;32;23;38;35;43
35;12;36;43;29;15;49;21;7;3;29;34
1;18;32;9;36;28;17;30;10;41;24;38
28;43;38;23;8;4;5;42;27;47;48;11
10;47;9;16;40;5;41;24;46;28;30;12
42;26;10;11;12;37;15;49;44;42;16;32
44;29;1;8;14;5;23;35;18;14;28;11
6;33;19;47;31;17;49;13;39;47;24;15
35;46;43;48;40;34;49;2;12;34;18;33
12;21;3;24;15;28;9;11;38;13;18;43
18;37;47;2;14;9;27;35;45;14;25;49
23;25;46;26;17;29;14;49;22;20;40;2
25;45;47;36;33;15;8;42;7;37;12;49
37;34;8;39;14;47;5;48;32;1;2;16
33;17;21;45;40;6;1;20;48;49;39;6
16;28;7;12;46;15;13;4;15;39;27;24
13;30;43;7;22;11;23;41;28;19;16;34
48;11;41;21;31;36;19;47;4;16;29;44
29;11;31;50;39;23;11;14;15;34;4;37
6;42;21;41;45;8;33;43;12;49;36;19
18;26;4;2;8;33;46;28;47;14;4;1
41;27;19;33;45;23;45;50;19;10;37;33
39;4;31;32;38;16;26;32;19;35;15;12
35;39;32;15;23;18;14;17;42;48;36;12
6;13;48;15;8;41;6;9;48;18;41;12
34;27;11;42;4;31;25;17;27;35;50;39
9;25;28;27;19;32;23;24;45;1;19;30
23;48;14;33;25;32;37;33;13;29;27;31
19;47;39;42;23;1;23;37;41;19;13;38
46;50;30;42;18;20;9;17;28;21;33;1
4;14;42;39;8;31;4;44;3;32;11;31
7;50;36;28;39;40;8;37;5;3;43;15
19;15;34;11;33;43;13;41;43;11;3;44
34;28;31;35;1;38;24;31;41;11;40;45
25;33;1;28;22;44;17;38;50;36;4;11
36;26;43;25;21;32;23;17;40;21;41;2
31;42;27;29;38;19;5;6;23;35;44;3
9;7;13;22;11;50;1;37;31;19;7;42
17;21;19;16;4;5;46;28;42;18;39;45
33;20;17;27;11;15;37;38;34;45;19;7
45;38;30;43;21;12;17;7;27;32;8;1
9;22;11;26;47;33;4;39;33;26;12;2
3;19;39;25;37;49;7;22;42;32;8;9
30;35;40;5;26;19;25;35;32;27;13;38
7;45;37;33;15;41;6;45;17;43;14;48
29;38;28;24;30;8;19;8;16;49;13;36
2;50;43;23;6;27;42;1;36;2;16;29
6;49;11;31;1;46;47;40;37;49;31;21
36;19;33;17;40;31;41;15;7;33;31;10
16;14;18;10;34;6;27;42;26;15;41;37
45;41;32;46;26;44;43;44;33;46;49;28
38;14;27;20;34;43;21;37;36;19;39;1
7;49;6;48;47;16;13;22;18;12;40;39
16;45;46;47;37;14;12;6;32;27;23;10
21;50;42;30;45;31;16;46;7;14;13;21
29;14;33;28;30;39;2;41;22;40;44;12
3;8;44;38;23;26;23;35;19;9;22;33
47;5;34;10;38;8;41;32;44;12;5;47
46;26;28;44;14;13;24;23;32;7;11;15
49;5;18;16;33;3;46;15;11;38;26;45
38;20;45;27;36;11;40;35;9;33;38;44
36;34;40;50;38;29;25;40;36;44;3;49
9;31;39;12;7;15;25;46;50;29;49;20
18;22;9;38;3;17;21;28;8;23;19;35
49;12;38;32;39;35;19;43;48;45;28;31
28;37;36;47;46;11;22;48;6;38;9;30
46;41;15;8;7;11;39;31;35;43;49;24
43;25;47;42;1;4;39;26;36;9;20;24
44;17;1;16;42;31;9;49;31;38;30;14
21;28;4;12;22;42;49;4;44;27;3;35
49;14;33;3;11;27;44;34;6;11;37;31
39;16;1;18;4;45;50;10;2;45;5;13
4;30;47;29;23;40;5;43;32;31;6;26
46;4;7;37;19;44;9;47;16;12;21;23
27;3;41;29;38;47;9;20;30;19;8;1
22;31;29;25;19;21;46;37;12;40;33;3
44;13;2;3;12;26;45;6;3;49;46;43
10;47;38;20;6;26;37;27;46;2;21;40
48;14;31;29;18;42;1;15;4;33;20;35
24;42;11;2;3;1;16;35;40;5;36;21
42;48;44;13;29;19;17;18;8;7;50;32
8;44;4;43;47;46;12;7;47;19;17;32
15;32;33;42;27;43;9;42;19;39;36;15
36;6;38;20;5;45;34;5;7;46;43;14
6;19;49;1;44;32;25;35;43;21;39;47
45;35;21;8;42;49;24;42;28;33;6;35
29;43;12;15;19;47;12;42;38;31;26;2
47;8;34;42;11;14;47;9;11;28;32;7
44;34;40;9;5;33;5;21;32;12;43;27
28;9;48;27;32;49;44;34;19;1;11;18
37;39;50;18;41;31;27;41;20;24;38;5
10;50;3;27;13;5;47;48;10;50;34;29
37;27;22;41;12;20;6;44;28;13;29;1
42;49;8;24;47;25;40;26;23;45;41;27
41;8;21;3;38;15;31;24;37;28;9;43
19;13;17;1;2;4;20;12;19;46;26;25
7;22;3;31;25;37;21;32;26;12;9;19
8;19;37;21;46;32;33;20;4;18;46;10
22;27;36;45;35;9;12;26;16;7;1;23
38;2;14;10;29;20;29;41;22;39;2;30
42;21;37;12;3;28;3;47;4;40;10;11
37;19;6;27;34;38;19;38;45;17;3;35
24;29;44;9;26;35;7;11;25;36;30;49
40;38;43;44;39;31;23;13;14;39;27;8
19;34;25;20;15;46;4;20;16;35;49;22
40;41;47;23;45;4;26;50;33;27;19;20
11;26;49;16;44;6;7;38;19;35;20;26
27;36;40;39;41;47;49;50;16;9;11;6
12;21;11;33;17;14;50;2;39;26;35;16
21;29;20;17;7;14;41;49;8;32;31;17
38;46;1;22;23;12;4;32;27;20;12;36
42;49;16;33;29;4;12;23;43;16;18;47
35;31;16;43;21;25;23;21;46;45;33;25
6;11;47;25;42;34;15;34;12;16;2;28
14;25;44;27;3;22;16;49;35;15;44;26
11;9;29;12;19;34;10;15;43;50;28;12
48;2;15;45;44;28;12;6;22;43;37;1
46;21;22;9;29;19;39;31;10;48;6;27
20;23;33;31;13;36;44;40;28;47;7;49
7;10;14;8;44;21;18;49;9;41;15;29
18;21;15;13;29;33;11;36;20;16;40;17
2;9;42;35;38;20;21;31;26;9;28;33
19;33;3;25;30;49;49;38;11;30;25;28
3;17;45;49;42;26;13;23;11;16;22;5
39;49;24;26;42;21;6;36;16;10;38;13
39;19;47;46;8;44;14;24;28;7;17;48
42;10;49;46;31;44;7;19;43;8;29;4
14;15;30;1;22;36;22;9;41;20;27;50
10;9;26;11;37;4;11;10;42;2;12;37
9;33;2;49;6;24;24;48;37;35;3;28
1;17;3;18;25;33;18;27;30;47;49;17
2;11;45;36;43;29;25;49;2;47;3;48
31;43;3;37;35;34;2;41;11;10;9;27
21;23;9;31;2;19;5;27;28;33;3;44
40;47;46;16;41;6;13;17;44;30;46;36
12;18;2;6;19;13;26;32;47;4;36;20
5;30;32;42;34;20;6;5;12;23;40;25
43;32;45;28;23;42;33;29;40;23;45;21
18;3;12;40;31;13;12;33;4;29;16;35
35;39;30;38;43;7;7;39;44;38;31;25
25;48;1;40;11;33;2;39;46;29;19;38
23;8;29;4;6;36;39;50;38;23;34;32
49;43;31;44;8;32;13;41;42;20;49;44
1;41;3;18;38;5;17;49;33;8;21;46
37;40;36;44;24;12;46;36;37;43;34;21
40;6;28;39;2;34;44;36;34;41;3;35
45;8;35;48;28;33;8;37;4;44;50;23
21;7;45;8;16;26;46;30;4;42;12;10
15;36;27;12;16;43;44;13;35;30;38;45
46;10;39;18;9;38;28;47;31;49;48;36
10;36;2;30;47;23;2;38;5;42;30;35
4;29;39;38;20;42;22;25;37;11;36;45
10;31;36;13;25;28;10;29;40;47;14;3
19;34;8;40;29;17;27;22;17;49;13;14
13;35;4;18;12;8;49;47;42;19;7;15
34;21;47;12;22;20;35;2;42;47;14;36
40;11;44;18;25;8;11;30;21;42;2;3
39;21;33;40;50;15;19;18;15;50;39;13
2;18;36;37;26;5;40;15;35;3;20;30
19;34;30;7;41;37;41;36;18;17;46;28
3;21;13;29;35;4;4;22;18;43;25;17
6;33;11;5;31;19;47;24;18;41;50;42
17;21;34;33;39;16;2;1;14;37;19;32
15;28;43;35;11;41;45;12;31;8;50;10
44;3;14;13;26;45;48;17;25;50;14;24
26;7;1;44;13;42;38;36;10;2;34;39
25;47;13;28;49;45;36;44;12;47;29;48
28;35;3;44;20;47;22;29;31;32;3;24
1;19;10;33;14;40;30;14;22;39;26;21
3;12;30;21;14;11;15;39;50;26;8;22
5;28;48;8;30;19;46;9;10;6;23;37
12;5;47;26;21;45;33;34;6;46;1;7
12;41;26;36;4;5;15;25;46;22;18;6
27;47;12;14;48;44;7;32;46;27;48;21
5;43;24;27;38;25;5;2;19;6;48;27
35;29;22;4;36;47;37;2;47;48;44;42
18;22;45;13;25;21;19;11;10;35;13;39
18;35;16;26;25;21;10;23;46;3;20;15
43;14;24;29;28;26;45;36;9;44;4;14
45;14;7;24;6;48;37;8;43;27;49;13
42;1;45;37;7;16;45;33;14;38;9;48
44;31;34;17;47;27;21;26;1;13;9;16
5;45;18;3;16;48;41;48;31;16;46;25
3;14;25;13;16;26;11;35;49;17;1;5
40;16;39;17;31;3;13;19;6;32;12;20
44;17;41;26;31;42;46;17;29;24;47;23
20;43;2;40;46;5;33;43;12;18;34;9
38;21;27;11;50;26;12;31;37;2;1;50
2;47;46;18;24;12;6;13;50;48;19;31
22;13;41;23;14;10;26;11;39;44;23;48
48;7;4;8;11;46;17;43;32;29;21;23
31;23;48;18;28;14;45;47;34;17;35;8
6;47;4;1;43;35;49;1;21;24;38;39
14;19;36;42;31;5;38;47;12;34;18;19
25;43;12;3;5;13;7;6;43;11;39;38
41;14;18;40;21;29;9;43;47;28;42;41
47;33;24;37;25;39;4;15;5;29;43;31
30;35;47;29;34;7;2;41;44;45;12;6
11;48;23;5;33;46;29;26;48;2;3;5
32;19;21;35;48;29;22;17;48;37;31;29
22;29;40;28;10;17;41;37;15;20;31;48
5;40;35;18;26;42;49;26;6;30;40;5
20;30;15;27;40;26;28;17;48;36;3;39
25;9;23;36;44;50;20;7;49;35;2;28
30;15;48;17;11;42;36;1;6;13;43;25
38;5;13;41;4;30;22;43;39;24;31;23
17;48;3;21;47;15;43;48;28;1;46;31
12;33;9;16;10;47;26;17;6;43;3;14
24;36;14;46;7;3;23;3;50;34;4;27
17;33;41;26;45;34;5;29;36;32;50;34
16;44;34;18;29;4;27;36;37;45;47;6
48;49;11;7;1;31;16;34;41;32;15;44
12;17;48;29;39;30;20;28;41;32;43;50
27;12;11;17;9;13;12;26;29;4;13;33
14;44;30;41;19;16;32;47;9;45;12;27
46;27;20;11;15;38;37;14;29;11;8;18
5;12;31;42;45;20;30;14;28;45;1;12
50;1;14;23;26;47;35;14;6;15;34;16
29;7;2;39;35;38;34;24;29;38;4;43
10;48;8;21;25;17;12;25;2;16;29;19
43;21;18;49;50;46;9;39;30;18;19;20
40;46;43;24;33;20;17;48;23;10;29;35
40;27;13;45;14;5;10;17;12;30;20;49
26;31;32;41;34;23;48;38;9;26;39;37
4;26;47;18;11;29;4;43;39;3;17;15
44;34;8;27;39;20;15;13;7;3;35;34
7;23;9;8;5;43;10;41;20;24;16;49
25;3;50;32;38;46;49;19;21;3;25;16
1;31;36;34;35;3;11;9;20;41;23;45
11;5;25;32;35;15;28;10;47;48;36;39
12;33;36;49;45;21;43;48;25;21;22;7
4;24;41;35;10;11;15;26;7;13;5;28
11;49;41;35;6;37;45;13;25;9;26;35
15;34;11;43;36;2;16;41;34;43;27;26
40;7;12;9;41;42;8;47;19;21;42;37
46;2;9;6;16;29;3;46;24;29;33;30
40;16;15;5;30;21;49;10;22;48;30;41
22;28;14;2;40;11;36;48;35;25;33;24
10;40;49;9;44;8;24;43;15;27;6;42
33;4;11;20;43;14;47;37;44;9;50;36
44;2;25;36;45;16;42;20;33;4;2;5
37;22;46;14;2;42;12;8;49;15;35;45
33;1;41;6;13;45;33;14;35;13;5;43
15;31;12;44;13;37;9;30;1;27;42;32
28;41;24;32;25;36;33;1;12;3;46;24
42;24;47;18;8;12;43;4;42;50;29;18
6;3;19;30;2;49;18;47;13;11;15;21
32;36;29;26;50;49;28;6;11;36;22;35
28;49;5;16;26;8;18;48;30;1;46;45
31;30;10;32;1;34;49;35;36;48;29;28
20;44;9;2;23;10;32;33;23;10;31;29
31;14;16;15;29;49;36;8;28;45;7;44
36;12;28;19;35;9;34;8;27;18;16;6
45;49;15;35;19;29;47;46;6;36;43;30
43;9;7;18;15;42;16;37;2;10;32;35
36;18;17;40;32;23;26;15;10;48;44;46
5;39;46;49;34;4;24;5;26;2;42;30
33;8;20;42;4;11;25;10;15;50;48;22
41;20;50;14;23;32;12;38;29;33;45;49
14;32;42;34;44;41;39;46;30;29;32;19
13;6;33;26;15;23;37;20;42;1;35;24
47;6;50;45;12;14;26;7;46;49;28;15
6;34;16;47;23;29;44;11;16;26;48;2
23;15;3;39;35;12;42;49;7;34;15;17
5;48;25;40;27;45;49;35;12;8;2;42
31;35;9;23;38;45;39;12;46;29;1;33
39;23;25;1;30;10;11;16;23;9;43;19
47;49;38;17;33;18;19;4;31;25;44;50
5;33;34;23;26;19;32;38;8;33;50;39
39;37;7;25;18;21;46;50;40;35;12;27
14;21;42;32;9;3;32;18;11;27;50;28
30;48;6;44;4;18;29;39;42;30;7;17
16;29;11;41;47;6;28;33;31;20;14;15
47;31;24;14;44;29;22;2;32;50;25;1
33;19;4;27;39;1;22;8;25;11;27;38
41;47;38;18;34;20;14;2;26;49;20;4
50;26;49;8;21;32;4;47;37;21;38;17
39;25;14;36;11;27;5;20;50;40;23;33
30;35;14;20;4;1;20;26;6;3;30;33
47;45;30;7;6;11;39;18;6;16;48;34
50;25;38;1;11;28;28;3;45;40;48;22
8;39;49;42;11;30;44;7;4;48;37;35
37;49;33;30;3;26;33;41;43;47;5;21
17;45;31;46;44;42;11;37;48;12;49;29
15;37;43;8;28;20;46;5;22;26;15;8
45;20;28;7;24;38;46;48;22;40;4;38
4;18;14;37;46;39;13;29;34;38;49;9
17;38;47;18;50;48;48;50;29;45;28;4
20;42;35;11;39;33;19;1;45;7;46;4
3;40;1;4;15;25;11;25;13;8;7;36
19;22;43;8;31;20;39;1;26;23;31;46
28;31;23;40;4;1;3;43;42;31;41;4
35;16;27;14;49;19;44;5;28;33;40;1
19;24;28;16;10;39;11;23;40;5;30;48
18;31;26;40;24;4;23;25;19;6;29;43
38;4;44;40;21;31;45;47;39;49;38;7
50;1;44;10;26;9;23;9;1;18;34;14
17;47;31;28;42;36;48;11;23;1;34;15
22;41;21;11;40;42;14;19;10;23;3;49
21;17;7;44;13;26;26;1;40;38;44;27
33;50;27;42;44;13;23;50;2;22;45;24
33;30;6;43;48;13;23;6;27;32;1;14
27;32;38;28;30;20;21;2;18;20;49;31
45;47;1;19;24;33;31;10;45;8;29;16
23;9;10;38;36;39;39;49;13;9;10;27
14;13;48;1;8;37;8;22;9;37;3;33
15;22;34;31;37;36;36;16;14;4;43;12
3;46;26;6;35;42;22;46;42;18;50;1
50;15;31;48;40;4;8;13;7;6;46;36
9;10;46;25;5;31;36;41;17;4;18;37
31;47;1;25;5;11;45;31;17;38;5;30
9;33;39;43;49;6;47;4;26;2;25;45
15;22;17;30;6;41;29;19;23;30;16;33
42;27;45;19;36;46;9;40;38;41;11;22
17;14;29;10;31;41;1;6;28;41;10;3
3;41;10;22;37;50;43;26;39;19;6;48
35;15;33;34;8;28;17;9;7;21;1;25
34;29;43;17;15;32;48;49;6;17;38;47
40;34;43;31;15;8;3;42;37;15;38;40
17;25;30;19;8;43;17;15;18;29;47;23
8;13;25;44;6;9;48;32;42;14;7;30
45;40;39;12;41;36;48;11;33;26;18;49
13;41;8;39;31;20;7;13;3;15;31;44
38;14;35;30;47;50;50;28;19;14;48;17
23;20;15;12;32;37;4;34;31;47;6;13
45;27;9;48;43;40;6;13;32;5;8;21
23;5;37;6;50;15;32;38;10;26;14;18
19;15;10;9;24;38;7;3;38;26;18;6
46;15;33;11;23;26;24;35;26;39;22;44
3;42;9;32;15;16;18;33;24;35;29;47
;;;;;;;;;;;
22;40;49;35;34;47;1;4;16;7;38;26
14;19;35;21;5;28;48;22;29;8;19;23
4;37;28;42;38;26;46;2;29;1;42;37
32;38;43;33;17;16;35;48;16;13;36;15
27;3;43;48;2;16;23;48;49;39;42;18
27;3;22;46;34;13;20;47;43;29;27;41
31;29;2;40;1;47;35;40;14;24;47;19
8;12;29;18;1;33;18;39;9;2;17;14
48;24;10;25;49;20;22;29;3;16;38;12
34;9;21;33;10;8;21;34;12;7;2;38
10;48;4;7;15;12;5;8;14;44;31;11
49;44;11;32;50;40;42;29;15;5;13;7
22;20;12;18;30;31;42;26;39;22;17;15
8;32;11;16;41;1;14;3;49;40;41;13
46;19;37;11;30;34;30;43;35;11;50;37
18;3;41;29;46;37;26;19;43;20;42;46
26;19;3;18;33;5;25;23;16;5;42;48
45;34;7;49;30;19;9;20;34;46;33;44
34;20;15;16;31;23;40;22;27;3;43;46
22;33;23;35;45;50;32;28;3;45;24;14
26;41;10;46;39;44;18;20;21;6;5;27
19;37;23;15;21;7;31;10;2;12;43;37
28;14;48;32;47;11;48;7;42;33;8;39
34;44;25;23;1;24;2;49;44;24;30;22
22;45;48;31;19;32;5;21;2;27;41;36
19;39;35;42;33;45;37;9;29;30;13;45
38;45;10;34;12;1;32;48;45;36;19;9
48;10;28;31;35;20;36;15;42;45;28;14
7;43;47;5;12;10;11;13;18;46;16;17
24;8;36;32;50;2;9;27;31;25;48;10
17;43;30;27;15;16;20;33;24;16;5;15
37;42;3;31;46;14;27;36;41;32;46;22
4;9;31;46;6;7;14;43;9;35;19;34
2;40;30;16;43;27;40;8;42;47;44;36
12;43;42;23;34;9;32;16;25;38;39;8
6;16;24;46;44;45;4;27;49;22;43;35
47;20;9;25;41;33;41;19;36;31;4;2
39;19;50;16;32;26;34;22;6;17;41;37
1;8;43;2;16;19;16;25;18;10;1;46
12;13;48;47;28;40;24;11;31;14;5;16
6;5;26;42;3;31;40;37;41;13;31;26
37;18;50;9;8;39;40;49;9;19;10;45
49;32;13;36;35;43;8;18;35;9;29;32
42;11;12;19;44;21;8;28;43;17;32;27
33;42;21;4;38;20;19;5;34;39;6;46
21;37;16;7;20;44;10;23;38;14;20;5
24;4;17;37;13;25;50;31;41;37;49;30
29;50;25;5;30;13;21;15;13;30;20;9
11;2;41;47;8;40;13;16;26;5;42;33
2;34;6;28;17;8;8;5;12;17;1;21
4;20;21;44;8;40;46;41;15;9;5;48
1;33;48;37;31;38;36;19;47;18;32;5
42;17;47;25;26;13;20;5;41;11;14;36
4;35;23;13;19;28;8;9;14;49;17;36
23;35;47;22;25;41;49;19;38;47;8;42
38;21;27;18;6;29;8;13;23;15;34;14
48;29;20;15;38;33;29;2;36;1;8;30
20;32;40;47;12;34;49;44;8;40;4;32
22;8;20;16;38;42;32;46;20;31;17;50
15;10;26;14;39;28;42;3;46;24;5;25
4;22;15;48;35;11;32;14;36;15;6;23
21;22;11;18;9;39;17;28;48;37;20;24
49;35;28;39;14;5;3;48;40;34;19;5
16;24;25;40;49;23;22;37;39;2;26;27
17;45;13;31;43;21;22;4;50;47;37;48
11;25;28;40;49;44;16;18;41;24;10;45
41;3;2;5;49;11;22;37;44;5;16;26
9;35;30;11;36;5;50;10;23;31;30;9
45;15;39;11;5;20;21;23;47;48;43;44
44;23;34;1;21;46;1;32;38;11;5;7
1;32;38;12;41;8;37;17;9;1;22;15
17;42;6;20;36;13;5;35;29;27;49;33
2;5;44;3;32;42;43;50;16;35;42;25
44;25;19;31;45;29;5;34;1;41;18;17
30;36;3;37;28;44;43;35;1;39;27;14
20;47;44;33;3;35;16;12;31;34;47;35
22;30;45;24;31;19;43;9;32;4;24;50
28;13;6;9;46;50;23;26;2;8;28;39
46;39;27;48;38;6;25;17;10;23;22;28
1;3;19;6;8;16;9;42;22;32;30;36
32;47;24;22;21;34;10;31;42;49;12;32
9;20;48;44;11;3;1;32;34;44;40;28
50;15;33;9;37;8;15;13;50;30;34;19
34;37;33;36;4;13;30;18;16;6;8;46
1;32;28;42;43;31;33;43;28;40;2;36
24;29;30;18;33;1;13;14;7;38;22;40
43;49;14;50;22;30;7;1;31;15;37;5
1;39;8;46;9;10;1;22;8;42;31;26
6;7;1;12;30;9;15;26;11;27;40;30
37;5;26;9;36;25;42;2;20;12;41;11
28;15;9;17;38;50;8;20;29;46;10;37
31;36;49;48;19;41;33;38;48;10;28;1
30;11;48;2;47;18;42;10;2;12;16;28
23;20;12;38;1;40;14;30;15;40;44;49
47;27;21;44;8;40;27;5;8;47;37;36
42;38;7;21;13;24;44;11;18;21;5;45
38;31;7;17;30;20;28;14;42;9;26;27
12;14;44;39;2;24;37;1;23;14;24;36
12;50;37;16;24;36;32;37;16;33;13;44
5;18;27;22;8;43;43;18;4;41;39;1
13;10;44;15;28;43;44;6;22;42;40;34
38;7;29;41;1;3;40;23;11;6;21;44
49;32;24;29;18;35;25;11;50;14;33;42
31;39;34;36;38;8;34;25;27;29;40;32
3;24;2;27;35;17;1;5;11;27;14;6
16;35;21;47;28;46;21;45;31;19;47;10
6;39;49;29;12;24;37;49;6;14;42;35
36;22;4;24;26;37;35;13;22;8;47;49
5;1;29;39;28;38;29;13;5;23;46;24
5;46;39;1;14;24;16;49;39;20;36;15
35;6;33;14;24;43;42;27;23;11;43;13
;;;;;;;;;;;
13;44;20;14;27;12;33;41;43;37;49;19
3;50;43;27;49;1;10;15;35;48;39;24
17;31;27;6;34;13;23;1;18;41;39;31
44;25;40;17;24;29;21;9;3;38;17;19
28;12;32;34;37;47;30;28;2;20;26;27
30;13;24;10;33;45;21;15;24;2;37;9
15;10;23;21;45;9;24;31;35;12;48;30
8;48;21;23;26;30;2;20;50;21;43;36
21;10;15;31;14;11;24;41;12;48;1;4
31;46;48;3;25;6;33;30;47;1;24;27
39;18;31;27;12;38;41;39;28;24;47;21
23;22;34;18;10;4;27;49;30;22;10;36
4;29;47;38;46;42;31;48;33;36;27;17
8;25;29;4;2;15;1;49;30;21;28;16
29;23;5;37;39;47;22;41;32;50;14;42
49;12;9;33;30;18;25;9;1;23;3;18
5;48;38;2;12;42;20;2;13;17;48;18
7;27;34;10;2;49;39;2;45;6;50;34
4;7;11;48;37;9;36;38;24;49;34;25
12;24;2;3;25;49;8;46;49;30;35;17
3;2;46;50;1;8;7;5;10;9;13;27
41;5;39;13;24;30;8;43;20;3;16;14
49;6;22;4;43;20;37;46;7;40;49;29
18;32;31;4;19;5;25;33;7;10;20;21
16;47;26;28;6;42;34;23;21;32;17;31
19;5;20;27;25;6;7;21;40;3;18;1
14;44;7;12;32;15;46;23;31;12;35;4
23;37;7;18;6;13;25;29;12;23;5;28
46;50;2;38;12;16;35;50;36;44;14;34
25;42;44;32;35;19;14;47;49;30;27;24
19;37;31;49;16;30;29;18;39;1;13;11
2;45;17;21;18;30;46;9;3;26;39;12
28;26;18;43;10;5;2;9;6;46;37;30
12;33;6;21;48;38;26;25;37;20;40;42
8;14;28;47;37;30;49;9;32;10;24;19
11;3;20;18;45;7;47;29;46;4;20;17
11;50;22;24;28;23;17;36;26;49;11;4
22;30;29;44;46;12;17;48;13;44;23;38
1;5;46;36;29;48;25;1;9;16;24;3
30;34;13;4;42;36;24;46;11;49;8;33
37;28;38;2;49;31;44;4;38;2;5;15
33;12;21;5;16;28;41;49;37;18;29;11
8;43;50;22;4;38;46;21;11;22;37;31
11;25;21;35;38;37;35;23;32;13;17;12
43;21;26;13;11;32;11;13;31;42;19;46
21;30;17;45;12;25;4;25;8;6;43;44
44;19;33;29;18;20;42;4;48;43;37;27
17;46;26;30;20;6;9;5;23;42;19;10
10;50;47;17;49;29;2;17;11;18;47;40
38;1;40;7;32;41;32;43;5;30;24;47
50;39;9;7;29;34;47;43;32;31;42;6
49;50;37;36;11;42;9;14;25;16;13;50
15;26;25;42;38;49;49;45;25;38;20;28
41;43;18;9;13;26;17;35;36;20;13;44
16;28;45;2;40;8;27;45;18;21;46;48
1;46;8;28;20;50;10;32;42;12;41;39
16;6;7;44;45;34;40;50;24;15;39;25
45;36;39;12;20;10;35;46;49;7;29;43
2;29;31;20;34;10;6;37;39;43;10;36
33;28;30;9;11;20;48;36;46;37;13;31
7;2;23;15;37;29;38;19;7;11;12;3
18;8;11;21;20;17;9;23;3;5;45;24
37;31;13;10;18;32;44;32;8;19;20;28
47;39;40;34;4;22;35;28;36;8;32;33
47;25;2;36;41;45;27;23;6;16;41;14
43;21;27;49;15;11;42;39;26;40;7;28
4;11;27;2;44;26;16;32;31;15;35;30
11;12;45;13;22;49;35;12;38;21;22;32
48;11;40;9;34;27;40;42;21;37;3;8
20;30;26;10;1;19;30;20;44;40;46;50
38;31;16;42;39;37;50;29;49;25;34;9
48;1;47;15;21;33;49;42;26;33;20;22
35;2;33;15;37;1;17;38;48;32;25;33
3;34;49;10;50;35;17;18;22;45;3;7
49;30;26;15;46;34;18;34;46;14;25;37
22;48;14;46;42;49;13;20;27;43;16;15
7;26;39;24;4;17;3;17;45;36;39;31
14;12;47;45;4;25;41;11;14;44;28;46
48;28;32;27;5;3;48;18;31;23;33;24
35;16;29;21;17;31;26;19;5;21;30;4
23;43;46;8;21;29;22;43;6;50;16;39
49;2;26;39;19;6;4;9;39;22;6;24
20;8;43;24;49;41;6;24;32;31;28;33
36;13;14;8;3;32;34;14;7;41;49;44
38;12;50;23;32;46;31;12;38;1;15;3
7;3;49;44;25;2;21;19;11;10;38;8
10;21;16;34;15;39;44;46;6;49;23;17
21;3;15;19;10;49;38;13;3;7;42;45
33;44;12;40;13;38;36;12;19;43;35;24
25;41;46;5;35;8;26;25;38;2;4;28
9;39;14;7;33;31;31;44;35;32;1;3
35;4;30;6;33;21;46;8;1;40;5;36
16;25;20;33;22;11;26;11;29;39;43;33
16;17;33;9;46;26;33;37;34;26;2;43
32;11;1;50;48;47;14;19;21;35;41;49
22;47;4;35;33;7;34;11;29;38;27;49
39;37;14;46;17;26;7;28;13;20;3;32
;;;;;;;;;;;
3;5;47;20;39;25;17;42;22;37;35;46
46;8;10;17;9;4;33;11;4;2;25;44
36;9;5;25;2;24;40;30;46;2;15;4
27;44;43;38;26;34;45;44;41;42;29;5
39;8;17;18;46;13;47;22;29;38;27;19
19;11;35;28;48;16;31;10;36;38;39;42
7;29;17;12;39;43;40;38;46;43;27;6
2;9;6;48;13;26;18;34;42;16;31;50
28;1;20;30;48;42;33;4;6;36;2;47
17;24;10;29;46;19;34;35;29;8;37;47
47;6;20;11;16;46;10;8;5;41;21;24
35;18;45;27;47;40;19;16;35;29;45;47
12;19;39;6;44;16;48;11;50;31;24;20
36;2;23;46;38;7;17;50;6;15;8;30
14;26;2;30;42;4;22;31;42;12;25;13
34;21;26;22;38;14;45;13;16;28;22;3
13;31;17;25;47;44;40;39;20;25;46;5
6;50;49;20;40;36;24;40;35;8;37;33
3;15;48;23;25;41;50;34;25;7;36;6
7;23;48;16;33;46;28;32;39;1;34;27
12;32;27;4;16;41;10;3;38;26;23;48
32;13;16;28;42;9;47;31;10;45;9;50
28;50;27;34;36;26;45;31;1;44;26;34
50;16;22;49;23;46;3;9;35;1;28;42
15;7;16;17;10;36;5;29;48;10;14;28
27;37;45;14;8;32;4;26;1;43;45;22
10;26;46;33;13;45;41;16;26;27;43;18
37;24;30;33;6;41;10;38;19;50;49;20
3;42;21;38;22;43;34;18;40;37;5;1
19;4;45;14;8;15;21;11;44;19;5;42
;;;;;;;;;;;
6;33;13;5;20;11;34;27;44;38;18;2
;;;;;;;;;;;
32;27;1;2;24;14;41;6;25;48;36;31
32;30;46;20;38;49;8;37;12;34;25;11
27;16;19;1;4;42;10;35;32;4;37;25
36;30;27;19;47;1;25;1;30;29;38;7
5;7;9;40;21;38;31;45;5;20;22;17
8;34;16;49;2;17;8;31;15;34;16;50
31;48;29;47;42;33;38;8;22;39;49;32
10;8;20;17;9;42;10;14;29;44;46;36
30;32;43;26;37;10;41;47;18;42;45;39
9;14;31;39;43;7;27;6;39;40;2;43
50;35;44;7;45;29;10;46;9;21;22;30
32;33;4;12;6;7;7;45;1;35;15;3
15;3;18;19;30;13;46;44;42;28;22;23
36;31;32;21;40;38;8;12;28;43;32;11
38;36;3;13;10;7;32;27;45;37;25;15
29;41;7;9;14;16;19;46;49;23;5;6
23;49;35;4;13;11;30;48;22;24;20;44
;;;;;;;;;;;
;;;;;;;;;;;
;;;;;;;;;;;
42;35;10;36;43;50;3;38;33;42;12;44
31;47;46;2;30;10;32;22;34;29;2;43
18;32;49;20;35;1;35;42;19;50;38;29
24;6;14;5;48;10;49;39;37;2;46;25
40;1;10;14;27;11;24;16;20;34;45;40
7;20;12;43;16;40;17;44;37;23;38;9
18;32;30;42;23;41;7;47;5;35;17;32
48;4;26;33;17;42;31;23;5;42;36;26
11;42;16;8;30;48;42;20;12;31;18;26
12;37;44;8;25;11;35;23;34;44;7;47
4;8;1;2;16;33;50;45;4;14;39;25
6;43;28;34;15;47;45;12;17;32;22;24
9;39;50;21;34;20;10;18;48;44;8;42
47;28;32;50;30;15;39;25;48;9;43;13
44;43;14;25;20;36;38;18;23;45;50;36
13;3;25;47;41;33;4;28;43;2;3;22
24;4;46;17;7;19;48;6;30;15;1;7
33;48;28;14;27;2;49;47;46;27;38;6
21;45;31;4;37;44;50;34;41;7;28;13
27;1;42;23;38;2;37;6;33;9;34;17
1;9;14;29;23;27;30;3;24;7;18;42
4;47;29;13;28;10;31;38;45;13;36;2
25;24;14;38;34;36;4;50;32;8;33;34
35;1;19;28;26;7;6;50;35;41;44;13
16;42;30;43;33;23;34;37;47;36;22;2
29;44;43;7;10;32;16;19;12;23;9;1
39;32;14;34;46;1;6;37;1;40;21;25
10;15;39;41;19;32;42;39;21;35;29;9
47;6;33;32;43;16;37;50;13;12;43;16
21;5;7;34;45;39;35;36;3;2;8;49
37;6;25;34;17;30;16;44;19;17;15;2
17;39;33;34;45;43;22;23;34;7;37;49
45;41;3;15;20;9;31;12;42;17;45;6
26;46;1;36;28;4;7;30;42;18;2;4
18;49;5;44;21;10;22;24;5;46;10;13
36;19;1;39;45;34;32;40;37;10;30;50
7;23;2;35;36;32;32;22;7;45;18;1
27;50;36;41;33;28;11;22;7;13;48;36
42;12;47;3;50;19;32;8;19;44;10;48
20;38;6;12;48;2;29;40;19;50;11;34
10;36;35;3;6;22;11;6;39;36;23;49
46;38;21;16;5;27;1;7;26;16;2;12
6;45;12;7;34;21;40;5;10;4;9;17
12;48;33;32;22;3;6;32;3;11;25;1
41;6;38;37;19;42;10;17;31;9;50;33
26;34;50;8;44;35;41;17;23;37;9;16
38;46;24;19;29;47;29;13;50;42;11;21
37;40;30;31;8;2;27;35;13;29;14;30
24;28;32;4;10;29;18;32;5;20;3;40
28;15;29;9;27;1;22;19;6;36;50;39
1;17;10;18;37;8;30;23;25;48;37;3
20;26;37;43;9;3;50;5;44;17;49;20
12;29;24;20;3;18;38;5;30;35;12;20
46;15;7;2;49;27;17;22;40;11;19;6
9;41;2;18;31;13;40;5;47;6;27;33
5;39;18;41;24;47;3;31;47;36;1;27
3;12;16;33;46;10;44;6;2;5;18;13
29;31;7;18;16;44;9;10;4;36;13;24
6;10;2;42;44;12;48;50;40;11;3;45
45;3;30;8;50;49;42;41;8;44;28;7
30;7;32;5;31;3;5;38;27;11;15;48
17;3;34;6;7;44;2;3;29;19;42;11
16;36;15;39;1;5;36;4;41;2;37;9
25;33;20;34;27;16;11;2;8;19;44;9
17;12;36;25;3;34;42;45;14;15;49;50
36;3;32;40;25;18;30;45;32;16;25;5
48;1;33;47;29;15;4;8;5;15;50;40
30;39;21;11;13;36;39;44;6;17;3;11
26;35;14;11;22;6;16;13;26;9;34;1
1;28;40;20;45;34;36;42;6;37;48;1
32;5;30;14;41;21;14;36;47;24;2;18
31;32;19;18;11;14;21;33;39;14;50;1
5;41;45;13;21;37;33;16;6;49;24;8
46;43;47;27;30;2;13;27;43;29;23;44
50;23;24;25;6;26;27;31;25;35;28;45
13;18;5;8;36;33;3;23;46;6;39;8
9;16;34;20;4;25;16;15;38;6;7;44
24;32;25;39;27;6;50;4;33;5;23;30
;;;;;;;;;;;
;;;;;;;;;;;
50;28;8;31;11;3;41;13;20;21;28;15
44;26;9;6;14;3;25;20;38;21;27;39
28;10;40;19;50;18;6;29;42;44;19;45
24;39;17;42;45;44;10;36;50;12;49;25
40;20;9;2;24;47;48;45;32;49;17;20
12;2;1;6;44;42;27;39;25;11;18;2
4;30;3;1;16;6;43;20;4;39;41;9
48;31;4;3;33;44;2;17;46;30;31;43
27;46;44;17;11;35;4;46;21;9;20;10
40;13;44;33;32;50;1;19;27;50;47;37
4;12;18;50;27;23;40;49;30;28;4;43
49;21;19;8;15;4;45;1;11;24;31;8
39;7;49;10;36;29;49;48;44;5;35;43
40;47;41;20;18;23;25;17;15;2;29;42
11;50;22;14;39;27;44;48;33;3;41;49
21;6;3;7;13;35;20;37;50;41;21;31
10;35;8;9;17;39;10;28;12;31;8;4
50;20;7;42;45;22;29;14;5;44;26;36
45;39;18;13;33;20;22;39;29;33;18;8
11;16;25;50;18;47;40;45;4;21;25;37
5;30;34;19;12;47;50;11;35;45;31;1
50;22;20;17;23;34;6;18;2;37;30;40
35;19;6;40;1;25;2;10;6;23;22;29
42;22;5;21;45;28;37;17;44;47;1;8
50;2;17;14;24;40;8;26;50;24;10;45
6;21;14;46;42;40;3;23;29;9;32;50
9;46;22;50;8;40;33;10;21;17;14;43
44;35;31;17;10;40;1;14;22;46;9;47
24;33;21;26;49;39;44;24;26;9;49;42
6;20;25;36;11;3;41;8;24;31;37;45
29;7;50;27;20;12;8;10;35;42;37;25
40;28;41;35;38;10;50;45;48;13;16;19
39;33;7;45;28;34;27;10;48;2;47;50
33;10;29;13;14;32;15;43;50;37;34;36
35;14;19;22;49;6;39;43;44;26;40;46
11;45;4;19;34;24;20;31;11;9;35;41
1;20;31;10;29;6;26;22;12;9;16;5
25;48;36;15;21;9;32;7;33;45;27;5
18;21;12;8;20;28;4;24;11;35;39;2
12;11;28;35;34;45;23;45;22;50;49;13
40;49;33;50;31;41;12;50;41;31;45;23
25;41;32;46;50;4;27;47;35;31;19;21
20;11;4;24;7;42;31;49;2;4;44;5
39;17;9;50;38;41;30;45;50;6;2;3
8;23;9;28;13;17;34;29;42;28;32;49
6;2;21;5;25;1;39;48;17;5;29;14
35;38;7;45;15;30;3;49;43;16;50;13
20;33;24;50;1;34;17;18;41;4;43;49
;;;;;;;;;;;
18;32;29;7;4;24;19;42;23;8;43;25
13;4;42;30;32;21;24;19;40;9;1;25
9;33;17;20;18;6;5;47;9;1;7;42
5;48;7;25;45;12;25;7;8;30;45;19
47;38;16;7;37;35;7;5;13;32;17;47
37;39;4;36;49;40;29;1;36;40;4;16
36;1;6;23;48;22;32;43;2;18;7;28
29;6;14;34;38;32;8;13;16;26;24;37
23;13;34;46;36;45;42;23;21;7;37;20
21;50;24;29;33;39;34;29;35;20;42;36
50;2;17;41;40;20;16;18;50;45;21;48
37;32;11;47;34;22;6;37;35;29;43;44
41;7;25;3;50;1;21;29;50;40;5;1
23;45;18;8;28;38;1;43;45;5;37;30
20;1;40;24;17;41;36;7;2;3;20;19
14;19;4;50;44;32;1;39;2;10;8;16
40;5;23;11;1;19;40;4;50;48;32;25
21;37;32;25;46;13;7;43;4;20;24;41
34;32;43;47;5;50;37;18;40;5;14;15
12;31;24;14;39;49;35;40;23;46;49;28
24;6;14;29;21;4;42;35;43;24;3;32
35;18;50;42;8;5;18;47;20;30;29;15
2;33;14;41;8;7;3;38;18;39;43;30
38;11;35;6;47;18;48;10;46;16;45;34
43;20;40;30;33;17;24;29;9;23;7;11
11;36;49;37;29;1;8;4;35;45;17;37
19;49;50;8;16;29;9;39;24;48;36;28
49;25;29;45;22;2;20;41;39;1;37;47
11;17;47;38;42;49;35;13;15;18;21;42
5;37;7;39;40;30;47;50;38;7;25;22
48;5;43;35;39;17;4;12;33;14;22;8
48;6;10;35;44;37;17;18;5;3;48;31
31;32;20;12;5;37;30;9;40;5;8;31
44;35;23;38;22;16;9;43;32;19;33;2
9;3;16;19;14;42;42;22;1;35;5;3
30;20;33;16;8;11;9;49;12;8;5;36
37;29;11;36;13;6;5;39;17;20;2;47
8;27;15;9;12;50;5;47;16;29;8;36
29;49;8;34;50;10;17;23;7;42;22;30
34;32;42;45;30;18;2;49;45;26;40;46
6;37;10;9;20;45;24;10;4;48;38;22
26;40;9;48;22;27;15;7;10;48;45;9
9;3;13;38;45;50;37;2;14;9;5;44
49;38;24;2;29;50;43;35;7;6;16;4
35;9;22;28;46;39;29;30;50;43;21;2
45;40;43;36;50;31;12;33;13;49;5;15
24;48;9;7;18;5;34;36;49;25;39;35
39;45;29;50;41;44;28;31;46;14;5;50
11;28;21;32;4;34;26;40;8;33;46;3
35;11;4;1;44;42;39;18;25;21;27;7
19;10;17;1;34;7;44;12;17;38;19;2
20;32;40;25;12;14;32;2;17;19;34;10
22;1;39;28;48;45;16;47;21;5;42;38
12;30;6;41;10;36;41;34;3;11;43;44
34;19;36;13;17;20;6;17;43;5;35;45
29;2;18;39;50;44;47;36;10;5;43;24
49;23;15;30;6;36;25;27;49;15;43;16
20;5;9;24;39;32;26;42;46;11;50;19
38;39;36;12;44;23;9;18;17;33;27;14
28;1;49;29;7;21;39;42;4;18;8;35
20;46;12;27;1;8;35;50;38;25;9;36
33;23;10;49;46;27;45;32;25;35;30;8
17;8;40;24;30;34;19;18;32;41;37;50
40;43;37;30;11;21;42;7;43;22;20;10
15;50;21;22;12;6;29;43;26;36;50;45
45;33;21;13;20;6;47;39;41;27;4;19
14;15;11;30;36;7;6;2;45;28;38;18
10;28;50;30;31;41;40;16;33;12;22;24
6;3;2;26;25;22;9;40;38;7;23;5
6;48;2;50;7;24;5;3;34;47;13;21
39;24;36;30;14;5;9;33;44;13;7;17
17;10;49;50;26;37;4;6;47;46;7;27
18;10;42;37;31;13;9;40;27;4;50;32
2;4;5;26;24;40;38;4;40;47;25;30
36;40;39;41;43;49;36;8;45;35;41;2
24;1;11;44;45;48;48;36;24;44;39;18
11;36;38;47;49;32;12;4;49;42;28;13
21;49;20;43;4;27;34;17;43;44;36;48
36;15;23;42;10;37;44;5;34;17;2;6
25;50;21;19;45;10;34;20;22;45;14;21
42;7;17;10;2;40;50;39;15;42;23;35
50;36;48;14;24;6;16;1;5;50;31;8
29;3;27;7;10;50;7;18;2;20;44;33
4;25;47;11;30;12;31;19;17;37;39;14
5;17;29;50;31;10;4;21;11;1;50;15
21;28;39;32;3;22;18;4;33;7;25;28
44;2;42;21;43;1;28;25;45;21;4;29
11;34;3;48;4;8;43;21;29;1;35;18
28;27;31;7;5;12;36;4;35;40;26;45
1;24;41;9;34;3;42;20;6;11;44;43
11;49;30;25;40;41;48;4;18;47;13;12
37;50;30;6;10;4;6;36;10;12;31;35
3;30;7;38;46;40;49;9;13;1;11;30
24;16;4;28;32;46;18;5;10;6;21;46
38;11;21;46;17;41;37;5;21;27;39;20
4;9;37;40;23;47;42;44;3;7;34;33
19;11;8;20;46;7;10;26;12;6;27;36
6;15;30;34;31;18;45;37;11;47;35;7
22;42;18;30;6;16;16;43;3;14;8;11
4;37;10;8;35;22;24;10;13;18;4;7
14;16;23;49;4;9;50;40;9;43;20;44
34;33;36;31;29;18;20;31;48;45;40;32
46;5;9;8;2;47;40;1;10;38;47;46
20;19;7;42;4;38;37;5;11;24;7;19
10;40;7;12;8;18;20;9;15;45;11;22
47;24;2;19;44;15;23;37;15;41;40;17
33;28;41;14;30;18;22;49;38;6;7;32
1;36;48;28;30;43;10;40;49;47;13;35
19;13;22;45;49;17;1;20;13;37;25;18
18;42;6;27;19;33;46;22;47;33;7;48
33;49;36;29;23;21;34;5;18;28;20;46
14;21;31;12;45;19;18;35;12;10;1;24
6;38;1;32;50;12;11;8;9;15;18;38
14;43;27;47;9;23;16;21;37;23;31;43
19;46;1;9;13;11;49;32;10;4;33;25
8;27;29;11;35;21;34;11;42;49;8;15
40;17;11;24;25;31;28;37;3;1;29;2
41;28;7;9;11;40;40;12;39;28;27;13
45;21;25;15;49;22;8;50;12;32;39;29
5;33;19;3;49;18;28;45;18;33;27;40
21;15;13;48;6;36;18;49;2;30;20;41
19;8;5;36;42;43;47;36;32;29;48;16
12;29;14;24;38;22;6;19;40;13;7;47
45;50;6;1;47;37;9;23;41;48;43;12
34;23;26;20;29;47;3;18;43;35;13;17
29;4;35;43;28;45;9;38;27;47;17;1
4;26;3;32;10;34;33;12;13;3;32;31
7;46;37;44;42;43;15;36;5;18;29;32
23;9;37;43;39;42;12;23;2;8;7;46
17;9;27;38;40;35;10;28;21;46;41;29
5;45;11;40;46;2;13;36;24;31;15;25
33;19;6;40;7;3;35;47;37;39;23;45
37;27;8;33;49;3;4;20;44;27;15;40
44;36;14;3;47;29;24;35;39;29;20;11
26;22;35;15;34;5;4;5;7;31;44;29
29;40;18;17;30;15;18;23;48;16;1;12
25;5;37;29;13;4;28;24;48;9;25;38
14;36;37;44;27;45;21;29;17;8;1;46
20;16;33;30;3;49;25;43;28;23;33;17
8;50;15;19;30;16;28;43;42;47;35;27
35;47;1;27;6;28;14;5;44;10;25;24
40;42;29;28;3;14;34;8;39;12;40;50
40;28;33;27;17;32;18;34;33;25;2;49
1;26;41;2;47;45;13;3;48;40;30;4
24;35;13;8;19;34;42;31;11;47;43;25
39;14;36;38;6;48;39;4;2;16;27;28
1;38;26;44;30;39;32;5;48;12;28;39
24;42;1;19;26;21;21;42;43;23;37;34
36;45;8;11;28;30;18;7;46;5;31;34
22;10;30;40;29;12;43;38;3;4;30;23
49;11;2;8;32;30;5;21;33;41;43;47
12;44;39;20;34;3;42;3;29;12;46;23
47;46;33;30;10;45;31;32;16;15;9;35
44;21;38;4;1;41;15;32;12;29;18;33
22;38;39;23;36;48;39;43;9;36;49;11
44;1;19;32;35;6;11;32;12;29;22;46
48;1;50;9;20;39;17;33;27;37;19;40
22;46;16;9;5;4;4;45;40;47;19;36
34;44;35;25;33;6;7;43;24;36;30;22
39;49;9;37;34;11;20;33;45;1;2;13
2;43;47;3;16;4;40;42;30;18;21;26
26;17;40;2;39;15;1;39;9;3;42;29
49;32;26;19;13;11;32;12;18;1;38;6
45;35;23;3;6;50;2;24;36;40;5;32
1;48;28;47;25;36;19;32;7;22;17;1
49;50;16;43;25;23;46;47;10;41;16;14
33;35;18;9;41;15;43;36;21;41;40;24
20;47;13;31;10;37;39;7;27;14;3;41
47;12;6;34;23;15;45;42;27;19;8;50
41;40;10;9;17;14;17;4;37;8;24;26
13;11;22;4;29;31;25;13;26;10;45;50
2;15;47;20;39;29;8;22;2;37;46;4
7;32;23;41;25;43;46;18;19;17;15;48
6;20;45;30;9;25;21;43;47;42;18;7
1;17;25;20;26;41;23;38;39;40;2;11
26;12;18;46;31;32;17;27;46;36;34;48
7;23;20;9;46;15;19;35;46;25;32;2
10;6;11;26;31;28;5;39;46;34;15;21
17;24;28;8;36;14;14;22;35;29;24;16
19;47;12;39;7;2;16;45;28;30;3;15
2;21;15;45;16;14;15;37;36;42;25;45
33;22;36;39;23;49;35;50;13;11;3;36
32;40;34;45;30;3;50;41;38;44;25;16
42;49;47;19;23;16;22;32;34;44;26;46
48;49;40;17;5;29;31;41;11;9;40;14
42;34;27;35;32;25;34;19;39;49;41;17
10;50;41;8;31;49;11;26;22;25;6;46
8;17;40;32;2;31;21;12;9;30;16;2
4;47;9;46;20;21;18;15;1;2;12;44
19;11;2;36;41;10;36;23;50;3;14;22
47;16;23;36;32;35;42;49;13;24;48;46
2;40;24;6;13;50;2;35;12;44;31;24
39;5;11;13;10;37;30;31;40;12;7;48
12;2;47;37;14;34;27;12;34;49;3;18
9;4;35;29;28;5;6;29;47;37;10;14
43;19;48;21;3;47;13;30;10;15;12;38
9;48;22;27;28;33;16;35;48;49;13;6
43;19;23;13;14;46;45;32;17;47;6;26
21;36;28;8;19;26;8;30;16;34;35;21
14;34;30;22;13;9;42;18;36;26;33;5
45;5;37;19;48;47;3;16;38;42;45;5
45;4;19;47;34;11;17;49;27;26;8;3
33;45;47;4;28;9;50;43;20;19;42;46
2;23;37;21;3;48;46;24;49;17;40;8
49;13;23;40;24;1;12;40;46;37;25;34
5;16;10;47;4;30;50;32;21;2;45;24
10;7;18;29;47;3;15;35;6;3;23;18
11;2;16;37;22;32;15;10;18;28;30;14
8;30;35;39;15;14;21;15;7;38;43;39
44;17;28;1;12;4;42;11;2;39;37;8
19;44;10;15;47;12;19;26;4;21;24;35
25;10;33;5;23;38;48;16;34;21;39;49
48;11;12;50;36;7;37;33;24;26;36;43
14;22;11;50;1;41;16;14;21;5;18;26
27;10;18;8;36;24;14;19;4;48;30;42
41;16;12;7;34;4;21;39;36;47;33;12
23;22;4;38;26;49;31;48;15;41;4;24
23;6;31;29;12;32;46;34;33;26;10;17
33;47;49;35;5;29;44;41;45;37;23;15
33;12;50;49;7;36;29;48;22;43;4;5
6;34;43;3;47;24;33;32;41;19;3;13
22;14;25;39;11;36;14;18;26;15;46;28
49;16;26;38;2;3;30;20;33;50;4;45
1;39;44;28;4;20;15;49;18;43;2;35
5;43;3;21;50;46;47;2;16;22;24;39
31;21;33;30;36;14;34;20;28;31;9;41
39;47;20;14;48;8;8;49;7;30;34;10
11;40;5;18;13;2;3;4;35;40;1;8
23;30;36;27;20;4;19;37;14;43;1;26
42;46;45;7;18;9;31;3;13;32;39;36
26;23;29;46;39;34;12;2;21;35;42;43
35;19;43;29;12;40;5;17;12;4;31;1
6;30;18;19;48;37;19;33;27;35;18;43
37;45;46;5;19;31;10;46;41;47;5;42
23;12;49;29;33;40;4;45;19;32;35;41
36;19;32;24;48;49;34;48;31;45;30;4
43;28;26;24;32;29;11;33;43;5;19;25
28;27;50;32;48;46;14;17;25;24;21;10
28;35;19;7;36;16;43;35;7;22;13;11
38;23;4;42;37;7;11;41;18;42;40;34
10;9;32;47;39;18;8;6;5;47;3;41
8;47;38;24;31;42;35;28;5;19;47;27
45;42;28;36;18;7;15;21;25;45;39;38
37;6;7;50;21;44;31;24;9;14;22;8
31;6;7;33;25;14;2;1;38;4;46;36
4;46;15;10;12;1;12;46;25;7;47;24
34;25;5;45;14;47;32;17;14;33;46;44
41;1;10;12;35;40;20;12;48;18;6;35
38;9;39;27;46;10;42;46;19;34;33;40
31;38;19;29;16;27;38;2;43;3;27;44
44;10;50;1;3;18;21;11;37;42;35;10
32;11;25;4;33;35;21;39;9;46;2;48
44;15;39;14;49;18;39;16;40;47;50;27
31;12;50;39;20;14;11;7;13;2;18;41
30;42;39;8;28;12;45;21;29;31;38;2
29;31;12;43;34;4;15;39;8;49;48;12
13;11;16;1;43;8;30;35;4;27;39;19
13;47;25;9;17;7;34;3;20;11;40;23
22;19;16;30;45;25;39;28;3;42;26;4
7;16;15;38;25;32;20;38;31;37;28;17
43;26;2;3;42;35;30;9;4;26;28;44
48;6;8;45;21;11;39;37;33;16;40;47
22;19;20;24;45;28;44;42;12;13;21;17
20;35;25;16;10;4;38;33;6;22;26;45
31;45;29;20;15;9;24;23;44;39;31;40
27;24;20;4;32;31;18;41;26;36;11;21
18;48;26;6;21;27;20;26;31;22;15;5
15;48;22;10;18;38;21;34;20;44;50;10
3;7;10;23;13;8;2;41;14;19;45;16
12;8;22;14;2;1;42;22;18;40;16;20
12;28;5;14;36;9;32;31;27;37;16;33
45;41;14;21;4;32;33;11;10;26;49;35
25;46;23;15;20;4;19;9;44;6;45;41
10;18;1;35;12;45;40;2;46;4;49;15
47;13;19;1;38;8;49;45;21;7;40;28
9;37;15;18;42;17;38;17;24;21;48;35
28;49;42;37;3;31;47;30;8;18;17;36
21;11;22;43;40;30;41;14;13;33;30;31
14;49;2;44;33;46;8;22;29;33;38;41
15;32;46;1;30;6;1;36;47;42;20;43
1;29;50;3;36;15;42;26;20;23;3;9
14;36;13;24;47;39;32;45;3;24;48;2
25;10;22;5;40;12;10;42;19;9;11;4
33;22;20;4;9;42;5;15;7;22;1;13
34;1;15;45;40;23;47;6;46;3;11;32
22;26;43;30;9;8;24;26;42;50;14;32
8;2;25;4;7;5;13;34;26;41;5;27
;;;;;;;;;;;
44;9;25;37;38;36;23;47;14;22;46;5
37;49;7;45;27;40;14;26;42;29;34;43
37;7;34;47;35;32;4;44;3;32;38;9
37;8;24;17;18;2;27;9;35;49;4;18
5;2;25;38;26;24;1;21;11;43;34;35
8;38;11;15;16;43;21;4;26;6;44;28
21;7;32;6;44;16;34;8;14;2;27;18
35;3;47;27;14;36;46;14;8;18;5;21
29;50;31;5;35;25;33;44;27;28;49;37
37;4;8;15;36;50;22;18;31;21;49;36
6;2;43;18;11;46;19;17;9;32;18;29
9;18;49;17;37;28;17;13;34;48;30;3
20;39;28;12;1;7;21;17;47;38;7;19
14;21;6;12;31;44;20;37;15;10;38;22
14;20;21;31;17;32;34;11;18;46;40;20
32;48;29;21;18;3;49;43;4;22;29;46
16;37;7;40;23;38;37;47;42;21;1;38
23;35;15;14;4;5;30;13;48;4;33;11
1;45;41;10;28;18;46;38;28;19;42;31
25;31;14;21;19;3;30;9;39;8;10;13
15;41;19;28;18;39;24;25;50;49;33;35
9;12;15;10;17;39;13;43;30;5;6;47
37;47;26;48;40;27;39;30;10;5;13;29
48;26;7;6;37;11;24;19;10;2;21;4
18;23;49;15;39;31;45;30;28;27;37;35
5;9;38;37;32;13;39;10;21;9;11;19
50;32;26;39;49;16;36;12;38;29;20;2
19;32;16;39;38;34;2;45;32;19;33;5
;;;;;;;;;;;
24;33;5;15;47;27;33;37;36;44;8;2
42;25;1;16;4;36;43;3;9;15;14;8
42;41;13;12;28;47;18;50;42;12;16;9
42;30;27;28;23;41;38;42;45;31;33;6
3;15;9;38;29;28;31;10;27;29;9;17
40;27;35;48;7;1;7;9;21;38;17;18
23;4;33;40;10;22;12;40;2;50;41;25
32;44;37;50;40;25;5;24;23;15;38;41
5;15;50;26;43;21;27;8;4;50;43;26
9;50;49;22;43;23;17;34;20;10;11;28
44;31;48;35;5;39;6;50;8;17;37;33
43;7;14;42;41;18;48;42;10;35;26;11
32;10;26;8;43;29;47;32;23;2;39;31
25;40;46;20;15;48;31;46;4;30;7;41
10;40;15;39;21;23;22;30;37;36;41;23
30;36;12;45;31;17;23;46;25;13;6;31
37;33;34;1;30;17;11;36;34;39;27;17
42;20;35;2;28;18;40;43;44;41;13;2
13;31;25;45;36;10;34;17;8;36;48;14
26;46;24;5;34;17;39;22;49;18;31;47
9;37;45;42;4;8;30;50;7;19;40;27
16;6;31;43;45;2;50;15;16;19;31;47
46;40;20;35;33;22;9;37;45;18;25;30
13;19;31;15;27;18;19;7;34;36;13;24
10;46;7;48;13;3;5;16;39;24;49;23
18;3;1;42;26;46;16;44;49;14;35;6
40;10;16;45;49;22;11;32;39;42;26;7
1;22;34;24;31;39;48;47;29;8;18;6
48;24;35;45;9;30;2;14;37;21;36;33
17;6;18;50;11;39;22;21;7;35;40;14
2;35;48;27;14;37;33;18;42;12;23;8
45;20;7;46;43;34;41;31;49;17;22;30
1;27;21;25;38;20;35;21;8;24;11;32
3;9;13;19;2;7;31;30;35;8;11;13
39;47;28;31;14;16;16;28;43;34;12;26
;;;;;;;;;;;
38;17;19;34;3;24;13;28;20;50;4;5
22;34;26;6;13;41;20;48;26;42;21;13
34;40;6;20;5;45;16;18;34;26;33;37
8;44;18;29;49;28;18;23;5;12;19;40
35;9;22;31;47;17;35;13;7;40;22;33
16;50;29;27;11;47;39;24;50;19;46;34
12;48;22;8;17;37;30;13;46;19;10;17
31;43;10;42;6;9;8;45;36;1;30;46
39;23;6;47;18;15;25;10;1;26;36;12
;;;;;;;;;;;
38;15;26;37;47;10;12;6;24;19;43;9
19;22;1;5;24;35;11;36;39;8;3;22
31;27;46;36;49;38;42;1;14;44;35;22
35;8;50;42;44;28;41;32;49;10;34;48
49;13;7;36;4;41;28;1;5;3;33;12
23;40;8;17;9;12;32;3;26;21;37;25
43;20;21;27;33;24;12;15;5;43;38;46
43;14;34;49;24;6;14;34;24;12;40;31
4;5;32;14;23;41;37;21;17;20;4;6
;;;;;;;;;;;
;;;;;;;;;;;
33;26;22;20;21;50;16;30;11;10;5;8
10;37;5;38;20;16;3;2;27;32;20;17
15;37;22;19;28;25;31;44;27;11;34;39
33;49;24;14;45;26;25;8;20;50;19;32
45;47;32;49;46;23;37;5;19;27;8;22
5;46;21;47;1;35;49;34;11;27;47;40
39;35;16;24;4;12;8;39;10;11;2;30
18;40;10;2;35;25;5;2;11;36;48;49
42;7;20;39;29;22;1;21;12;35;19;39
18;3;33;11;23;35;39;25;10;22;12;15
5;13;30;33;45;17;18;1;3;37;23;48
2;3;24;10;37;30;1;7;32;36;3;10
9;21;10;18;13;44;41;4;47;35;28;22
13;1;32;21;33;11;49;38;2;13;3;28
25;43;28;36;8;34;19;49;48;28;25;32
10;28;47;41;11;31;37;24;1;49;22;9
19;15;9;26;44;47;9;37;33;15;20;18
10;33;23;11;28;25;29;2;35;25;10;32
22;17;50;44;49;24;37;19;49;43;40;23
45;50;48;4;17;46;7;21;46;45;36;19
4;28;42;18;19;40;50;29;28;30;45;9
13;8;49;5;41;14;38;18;48;11;42;37
32;16;14;27;44;11;49;13;25;30;35;16
15;17;25;4;44;42;14;21;45;36;27;6
43;37;49;20;19;24;5;46;48;8;33;16
7;8;32;6;10;11;39;35;28;4;20;8
30;13;41;38;4;3;11;23;28;36;14;15
38;35;3;41;9;44;41;48;9;5;35;3
16;5;43;25;26;19;30;22;34;27;28;31
41;31;27;4;37;26;18;10;20;47;33;34
20;50;37;18;28;26;4;45;14;13;42;41
43;19;3;14;39;29;26;22;4;39;16;40
19;44;26;22;32;43;2;5;20;47;44;22
16;40;41;25;46;13;22;7;49;14;5;3
35;26;44;21;11;1;24;4;36;44;49;10
47;42;26;10;4;9;3;39;10;28;9;45
35;5;19;28;6;22;37;12;2;20;9;31
14;50;26;39;47;17;1;39;19;29;36;23
34;7;16;32;21;8;3;5;32;50;45;38
11;25;39;17;33;46;6;15;34;10;3;22
44;22;26;48;20;41;15;26;32;13;14;10
21;11;46;4;40;6;45;46;15;31;8;44
10;22;34;44;13;23;17;9;7;33;26;36
47;35;1;20;46;11;1;42;31;18;24;6
12;27;3;17;25;35;27;10;17;18;23;31
7;13;42;3;23;6;38;19;49;20;7;11
31;19;23;28;27;36;46;49;25;1;45;22
19;35;45;15;26;39;38;44;6;25;3;45
13;43;38;12;33;30;31;16;25;40;19;21
13;33;36;21;30;25;32;42;41;36;6;10
15;42;49;20;31;35;2;43;42;47;27;39
49;45;16;3;39;27;2;41;48;13;26;23
15;11;46;13;7;45;45;32;38;13;37;43
45;46;16;10;24;23;21;8;1;30;49;33
45;22;50;37;11;14;45;22;33;20;8;24
38;3;4;29;43;8;32;13;45;19;16;38
36;14;41;16;15;10;22;17;24;1;28;12
48;39;10;44;29;2;46;41;32;24;29;23
36;44;12;8;1;30;26;21;36;48;14;1
40;18;16;47;27;33;35;15;20;7;12;44
37;18;42;38;6;16;36;40;42;7;16;6
44;31;2;42;41;9;30;36;44;39;19;20
39;46;44;45;42;43;7;35;41;24;39;15
2;18;28;40;9;25;43;45;4;49;2;17
27;17;42;29;6;41;14;43;47;5;1;22
32;23;38;29;45;28;30;11;46;44;29;33
17;14;47;15;13;8;44;28;24;7;3;21
30;18;10;15;3;39;4;40;12;50;19;37
37;43;14;24;38;42;22;11;45;42;49;7
12;20;33;40;7;2;23;36;37;11;20;24
5;8;28;33;46;43;47;30;50;9;24;34
44;16;7;40;20;11;44;35;23;18;38;39
9;38;21;19;30;12;23;7;36;5;14;35
15;4;47;32;45;29;37;25;49;14;28;43
23;46;24;9;7;30;9;20;26;45;43;18
11;30;13;8;5;1;25;21;40;19;42;2
39;21;23;34;3;5;29;14;8;42;24;38
;;;;;;;;;;;
34;8;20;35;38;40;24;3;4;37;21;30
21;29;41;38;42;40;13;19;43;9;25;4
50;28;9;44;33;45;39;33;15;35;44;6
29;16;14;46;21;36;5;16;23;42;50;7
33;48;40;4;6;39;22;17;40;50;39;25
48;41;16;42;45;13;1;4;9;34;18;20
9;16;20;14;36;7;36;10;41;29;26;22
39;16;22;43;12;28;30;40;26;32;35;45
20;14;2;11;36;35;45;7;25;22;24;42
18;5;11;48;21;40;49;47;11;35;1;42
4;19;41;1;33;25;13;12;10;27;34;11
32;27;39;10;2;26;29;33;36;45;48;4
42;50;49;18;30;14;41;45;13;49;48;32
43;8;16;11;7;41;30;29;17;25;27;38
23;29;33;8;15;45;7;28;12;25;24;16
21;27;50;11;35;6;1;20;30;37;17;31
24;30;36;7;45;6;47;18;33;22;7;23
28;20;16;4;37;31;1;39;37;47;18;2
48;4;5;1;28;18;20;38;5;13;28;8
24;37;25;27;41;19;10;34;48;15;22;19
20;12;16;17;28;34;30;23;4;48;20;50
37;31;23;6;4;12;38;42;33;36;5;46
18;16;39;43;21;50;49;1;18;33;40;34
40;1;7;31;12;20;38;40;28;44;45;14
15;48;46;4;41;23;6;2;29;35;41;39
25;38;27;47;11;24;16;18;6;9;17;36
44;40;25;43;3;17;29;46;17;27;2;49
40;22;8;43;17;24;29;18;36;47;35;43
16;19;10;40;39;11;2;17;50;22;19;41
50;29;45;3;4;23;30;2;42;7;28;18
46;22;31;48;26;11;45;29;37;38;30;21
17;1;38;30;25;19;23;43;48;4;1;18
50;12;34;28;15;46;41;1;12;26;24;11
14;34;43;18;49;23;42;31;20;48;26;11
38;18;28;42;7;46;6;10;46;21;26;5
36;35;3;32;46;17;31;8;7;24;20;6
2;18;11;48;41;43;5;2;18;30;32;37
34;21;23;39;13;2;34;45;9;38;16;42
23;10;32;13;5;20;6;13;39;3;12;50
7;4;32;27;14;41;36;47;12;29;6;5
15;43;38;20;42;25;40;18;28;8;11;47
18;27;42;36;31;12;43;23;30;16;45;49
23;5;10;43;8;31;26;11;18;33;48;8
50;13;5;44;45;15;38;35;9;20;10;50
18;23;28;44;8;26;13;6;27;2;24;42
4;26;16;17;47;43;42;19;27;32;16;23
40;34;39;19;3;9;40;50;14;5;31;42
3;35;48;4;11;50;24;13;35;43;41;31
43;48;34;15;29;8;8;23;14;18;40;20
3;32;34;44;28;43;43;6;40;26;12;38
22;42;7;43;14;25;24;22;39;36;25;26
49;36;15;9;12;50;7;39;42;18;2;19
27;12;10;4;20;6;9;6;20;12;5;34
28;33;12;14;19;3;8;33;39;11;41;3
11;5;16;13;20;4;14;17;20;30;26;32
1;39;49;33;3;30;26;8;40;46;16;21
29;27;30;17;2;1;18;21;14;17;27;2
34;25;19;46;13;44;33;16;17;19;14;28
12;47;43;18;19;44;10;43;25;1;17;2
47;44;1;42;15;39;7;33;4;39;38;42
17;14;32;27;45;42;29;45;17;35;36;43
31;14;45;40;49;35;36;3;23;31;41;13
8;31;13;38;45;4;40;33;50;9;32;12
45;38;40;22;31;24;35;47;28;46;25;8
22;34;41;37;25;46;14;40;29;4;1;2
26;35;19;46;40;34;42;50;38;2;45;13
18;45;11;20;31;39;4;11;47;27;12;15
41;17;34;14;45;26;17;19;1;33;39;27
4;50;26;18;23;29;17;6;14;30;7;38
36;5;24;40;17;31;40;45;31;37;18;12
20;28;27;50;38;36;28;15;35;41;29;46
43;24;45;33;5;25;1;10;49;6;4;47
20;41;3;40;29;4;36;27;34;32;14;12
27;31;37;14;39;28;27;45;11;36;41;31
34;26;2;40;22;25;32;35;16;31;41;24
15;22;42;16;44;38;50;44;20;3;32;46
27;7;6;14;8;35;49;45;3;6;15;20
14;9;46;24;17;37;49;16;20;41;5;27
10;36;19;43;8;22;2;49;14;18;6;46
1;4;37;11;45;23;15;13;36;32;29;35
37;20;5;43;31;16;47;12;3;36;18;33
6;45;13;10;34;21;47;28;25;44;27;19
44;20;8;11;27;26;10;23;32;48;16;20
3;37;42;11;49;33;11;1;35;48;32;13
32;9;20;12;19;29;7;45;36;41;21;9
1;27;14;45;8;10;35;27;2;26;20;30
15;7;48;27;49;13;9;13;50;48;12;4
12;30;22;2;15;43;22;48;11;35;29;36
49;38;7;42;41;27;5;12;33;16;1;31
9;31;28;41;23;32;9;28;38;19;6;45
2;19;11;13;39;49;19;24;46;17;31;16
4;36;40;22;48;35;45;22;9;28;44;34
6;18;30;32;10;24;42;36;30;11;41;15
40;26;14;9;20;7;31;4;44;14;20;25
25;2;33;3;19;29;7;25;4;11;44;27
;;;;;;;;;;;
15;38;31;1;4;42;33;39;20;23;36;15
50;43;46;48;33;6;38;6;21;45;19;24
42;29;19;17;25;4;25;23;12;27;3;2
16;49;41;25;24;13;25;29;39;8;36;47
40;13;45;3;4;8;2;9;28;6;29;18
49;35;29;2;14;50;4;26;35;28;13;9
42;3;49;29;14;12;29;22;20;46;42;21
38;18;3;47;9;46;46;8;27;38;50;35
5;21;42;45;11;24;16;34;21;30;8;27
41;24;23;35;6;43;11;13;29;4;47;50
39;6;10;32;43;47;11;25;21;29;26;27
31;47;41;2;42;50;24;29;43;46;21;16
5;28;29;41;9;4;44;12;35;34;42;48
26;9;33;23;15;10;22;31;33;37;38;27
25;6;39;45;4;9;12;48;5;16;10;42
15;20;9;26;7;33;40;9;3;22;11;18
19;41;33;24;50;30;44;35;8;14;41;47
16;5;46;45;36;3;42;46;18;8;49;44
10;24;13;36;1;50;5;34;27;38;14;3
38;32;50;12;13;10;10;30;50;11;23;47
12;28;36;31;1;38;7;23;44;5;39;28
19;5;37;28;45;22;33;18;39;40;42;8
12;15;6;36;47;25;2;9;17;6;15;50
44;39;24;46;16;29;22;46;7;15;29;21
48;10;20;40;27;2;20;46;45;22;34;5
30;12;41;28;18;24;18;10;28;7;50;15
48;29;21;17;20;4;33;22;43;49;38;15
39;42;1;9;7;45;19;4;23;21;22;11
31;4;39;16;13;2;7;44;10;16;30;4
36;24;26;33;21;34;18;27;37;26;5;23
26;32;35;14;50;39;14;29;2;45;38;13
5;27;7;50;24;16;34;40;10;45;42;2
12;47;9;14;48;3;49;31;34;26;33;10
24;19;39;7;37;23;5;46;27;31;29;3
15;49;33;4;31;14;31;15;24;41;37;32
42;49;21;25;29;1;4;19;9;3;23;42
31;11;46;49;50;38;14;31;38;19;5;39
35;21;23;33;30;32;6;11;9;22;10;21
33;18;16;24;42;9;17;37;48;34;49;19
30;48;39;42;35;2;25;35;27;48;21;24
35;2;44;11;20;31;36;14;38;48;2;28
29;1;50;8;7;33;27;7;6;22;43;15
8;4;11;25;29;30;35;9;20;2;21;16
44;22;25;12;41;30;42;7;37;31;45;30
32;38;4;10;24;22;38;44;16;31;10;41
47;16;46;4;45;21;46;43;16;33;36;34
15;30;50;6;35;20;12;33;34;28;5;21
47;21;5;9;43;33;35;40;46;20;49;31
21;11;42;7;5;1;47;35;36;18;15;27
27;44;21;14;19;49;12;35;23;17;15;34
44;19;14;25;47;15;3;37;18;32;8;10
8;23;39;2;46;42;18;42;39;33;7;11
45;3;50;2;20;44;12;3;44;2;46;25
43;3;40;31;37;49;14;21;4;50;30;45
41;10;2;45;47;19;43;1;29;33;2;28
39;41;20;21;14;7;10;44;41;35;46;28
39;7;28;49;44;45;47;21;30;15;31;33
13;43;39;10;48;17;33;43;47;45;30;37
30;26;23;39;33;15;14;23;20;4;16;30
28;38;43;15;45;49;29;43;5;21;40;18
21;32;15;31;35;23;35;16;10;21;11;18
35;23;46;41;48;33;24;5;2;25;6;15
47;50;42;40;5;15;33;39;13;46;6;26
45;13;26;32;49;4;10;36;9;1;3;50
34;12;44;3;47;2;8;12;35;49;1;20
19;39;29;49;5;1;43;34;1;35;5;16
6;15;48;21;27;38;19;41;23;29;33;3
28;4;36;13;14;24;28;50;49;39;23;20
46;49;39;8;10;30;3;34;23;46;45;22
9;1;31;13;30;28;30;17;46;27;36;29
39;2;25;42;1;12;47;33;29;42;24;7
6;34;40;49;15;37;20;5;19;23;3;21
42;31;15;21;36;19;42;35;3;24;1;31
41;50;21;45;35;23;41;34;44;12;6;20
47;46;2;36;28;27;21;7;13;14;16;2
13;1;25;18;28;38;35;16;44;12;27;5
7;23;39;42;18;27;35;20;34;39;2;11
45;14;44;19;7;32;35;21;24;45;19;9
2;37;46;36;15;14;18;37;33;14;8;17
15;17;35;10;39;47;17;40;1;42;29;10
23;27;34;25;38;49;40;22;7;21;30;26
15;40;1;24;6;11;36;31;32;18;30;9
19;35;11;8;3;29;5;29;23;49;43;17
40;47;4;32;13;30;26;25;19;49;50;13
47;15;42;27;29;22;13;5;47;19;25;43
31;3;27;46;26;21;12;10;44;18;42;40
25;2;3;6;30;44;16;17;42;45;13;39
43;20;41;48;6;17;31;42;12;8;23;50
42;31;34;49;1;33;41;24;12;47;18;4
2;45;37;27;11;8;7;11;8;33;38;36
44;25;34;47;8;21;24;46;29;31;12;38
2;1;41;23;19;36;16;48;34;1;47;31
30;6;36;8;27;25;27;17;20;47;22;14
28;8;27;40;34;48;35;13;3;23;4;11
26;14;46;10;45;28;26;39;36;13;32;21
12;16;42;37;13;23;48;2;22;28;42;41
35;46;17;40;34;48;50;41;13;40;18;33
22;29;42;14;5;2;9;50;27;40;30;15
43;14;17;12;18;25;24;48;32;25;30;6
4;17;36;34;16;46;24;11;30;27;21;49
14;34;48;4;38;19;33;9;21;44;1;29
6;3;22;24;33;29;32;25;49;10;2;15
3;36;43;12;50;27;45;6;42;4;48;12
29;34;25;2;37;45;6;19;9;25;13;30
35;41;13;36;15;28;21;28;25;29;7;6
30;50;16;43;3;38;34;19;30;8;22;42
26;29;4;2;48;20;9;36;3;47;11;18
39;33;37;14;31;32;32;23;27;21;14;46
31;17;15;24;20;46;28;31;4;32;25;38
;;;;;;;;;;;
22;1;40;45;36;10;33;49;27;50;22;40
36;39;29;41;47;3;39;19;12;1;11;48
18;45;31;36;24;32;33;4;11;31;43;26
21;43;28;23;12;13;39;2;10;49;47;17
23;39;14;28;49;15;17;6;3;21;36;27
27;2;12;35;34;47;31;33;46;42;22;45
26;1;8;21;24;11;23;47;34;32;33;25
33;36;13;48;27;24;3;32;37;42;25;4
11;19;31;28;38;24;14;21;1;45;27;28
1;44;8;22;31;26;9;20;15;40;25;35
12;32;2;8;22;7;30;15;14;45;34;18
17;7;10;30;20;42;16;7;25;14;22;17
40;46;36;9;23;27;20;32;39;26;30;4
5;30;6;23;41;33;50;11;45;32;12;30
24;32;15;7;39;30;29;26;22;36;6;8
42;7;1;46;36;33;24;50;7;36;6;43
20;45;29;7;5;49;3;42;13;48;26;19
3;24;43;44;18;41;41;14;28;2;32;36
2;5;30;46;26;27;21;38;8;19;13;23
9;30;2;4;3;31;17;32;14;36;19;2
12;3;2;6;37;16;48;42;12;31;23;49
24;2;45;11;22;4;24;22;50;46;11;29
9;7;2;25;34;20;21;26;45;12;6;22
41;18;15;3;12;17;5;4;20;24;45;16
20;35;42;40;39;12;14;37;9;34;49;16
49;20;21;38;37;30;13;18;9;36;5;46
11;34;35;4;30;47;45;11;46;24;32;36
14;37;34;2;40;4;11;36;6;37;22;2
44;50;16;23;43;10;7;29;18;1;15;32
45;42;3;22;9;2;10;24;20;49;46;38
36;34;24;47;46;7;4;6;17;16;38;46
29;21;27;41;3;11;19;40;29;7;2;27
42;41;24;8;21;1;24;16;23;46;26;48
14;23;20;26;8;45;35;39;41;43;36;34
42;17;26;3;41;44;50;7;9;33;16;42
18;44;20;36;14;23;27;48;4;17;31;40
49;37;26;23;25;47;49;32;9;6;22;46
13;29;31;45;15;42;9;41;46;12;16;5
35;17;1;16;29;14;50;6;40;47;30;35
35;30;24;44;14;20;8;25;4;15;45;41
36;49;50;21;12;25;46;15;27;22;36;4
10;8;33;13;42;12;18;21;19;15;24;1
8;47;46;24;3;26;39;12;38;35;48;42
11;33;25;29;49;22;38;19;47;33;46;3
42;24;22;38;41;48;22;38;10;18;37;31
27;25;48;43;37;10;28;17;31;34;36;19
36;35;45;22;34;50;34;26;48;23;27;18
10;32;15;36;7;37;14;7;11;46;16;26
41;2;14;18;19;11;41;31;17;8;33;1
33;23;7;5;35;17;14;32;16;35;13;39
26;44;38;8;18;49;45;39;1;28;15;35
22;24;19;43;3;2;16;7;22;11;30;46
43;46;4;30;8;15;26;8;32;36;50;7
19;9;30;24;39;8;28;44;41;30;26;15
9;47;3;22;38;28;36;48;24;12;22;39
39;38;30;14;50;49;45;26;3;43;36;29
39;12;25;4;33;19;15;7;6;26;23;30
40;28;46;19;23;12;1;24;22;27;36;43
12;13;1;19;34;32;36;31;32;8;27;5
20;22;33;31;35;2;11;48;7;40;50;44
26;20;41;4;19;49;2;12;10;8;25;41
42;40;39;8;24;33;46;19;35;28;4;18
11;38;24;27;2;32;30;40;50;15;12;2
29;7;43;49;34;11;22;9;24;44;36;5
34;4;5;20;11;36;21;49;34;18;3;17
20;46;36;19;18;8;28;19;40;32;12;46
36;44;22;30;24;48;29;12;8;31;13;17
17;12;23;38;22;40;44;11;39;9;18;12
47;18;16;25;29;23;42;11;37;6;39;35
18;11;22;30;27;32;40;35;45;46;44;2
32;3;39;5;33;48;28;38;25;2;21;26
43;31;48;22;14;20;44;1;38;20;46;40
12;18;16;45;36;4;34;28;35;30;18;50
22;35;1;5;45;39;29;12;36;25;2;50
26;3;50;47;31;34;20;46;48;29;22;40
47;41;43;6;5;40;15;33;6;9;26;41
41;49;3;1;8;13;14;6;9;25;1;17
4;3;12;30;42;32;47;41;23;29;26;35
19;25;5;44;26;13;5;41;19;49;18;15
45;26;29;34;37;24;2;17;49;41;31;20
22;36;33;12;14;50;20;49;18;32;29;41
9;18;15;16;38;2;39;15;36;1;8;14
19;12;7;50;8;2;42;11;30;24;47;6
30;24;13;1;23;6;38;35;1;44;24;41
20;47;38;1;27;18;12;11;25;9;2;10
26;3;27;25;10;42;42;13;3;22;43;5
2;4;47;28;13;5;47;45;37;17;16;44
30;45;41;31;3;14;29;40;28;42;9;17
12;31;33;19;49;39;4;15;44;37;10;33
11;9;15;21;28;3;47;9;5;12;13;35
5;16;50;41;26;18;32;42;47;9;23;33
13;28;29;25;34;16;43;1;45;35;36;34
25;17;22;32;26;42;21;38;2;43;28;44
39;41;37;25;31;5;35;44;37;7;8;14
46;43;34;21;41;11;32;49;11;16;42;40
32;26;46;33;17;40;50;16;6;7;18;49
30;24;49;39;1;26;19;14;43;18;34;4
27;16;24;35;50;48;9;11;35;17;30;21
5;10;25;20;27;24;24;2;33;28;48;29
3;42;17;33;49;2;28;20;41;14;24;9
44;2;5;46;9;50;46;30;23;12;4;39
20;39;42;33;3;19;42;2;18;37;49;38
38;33;12;25;42;18;25;4;1;5;40;23
35;6;4;20;37;12;35;6;9;20;19;38
7;35;49;34;21;2;31;29;13;41;7;20
47;33;17;31;15;6;11;49;23;1;21;43
43;15;7;25;5;3;39;15;12;6;8;28
18;10;9;33;27;15;45;47;46;5;31;30
30;16;34;13;33;23;11;31;3;5;4;22
21;43;33;12;44;28;5;29;2;9;27;14
35;23;41;48;32;24;9;37;4;23;18;7
48;13;9;42;3;47;2;21;44;50;36;3
24;16;38;22;15;18;5;13;12;28;14;16
46;14;4;2;34;33;46;4;44;6;17;7
26;24;7;36;31;10;25;21;6;29;13;50
12;48;40;15;29;39;42;39;20;21;29;26
8;28;27;3;50;39;50;42;1;40;48;3
7;19;21;4;37;16;47;3;7;41;45;26
39;15;13;36;46;48;39;43;31;2;34;38
33;30;18;9;11;2;35;9;45;1;43;49
4;20;41;12;30;19;11;19;32;5;3;33
30;28;22;36;21;3;46;37;45;49;16;18
47;4;35;3;49;43;39;18;32;30;44;45
21;17;23;45;42;44;8;17;38;1;3;25
6;48;23;26;33;50;36;16;6;26;13;10
28;4;21;3;32;46;1;13;4;7;12;3
13;50;49;11;36;22;44;13;30;47;43;37
4;33;16;45;44;10;24;10;12;27;50;25
47;17;29;10;11;44;14;3;24;22;42;35
3;40;42;17;6;25;13;30;10;48;36;26
26;18;20;17;44;2;16;4;7;46;17;28
25;2;48;18;19;30;22;20;39;38;2;26
3;10;25;35;23;16;8;6;47;21;37;15
29;7;30;37;43;22;21;31;32;37;40;24
26;48;38;11;49;46;17;8;9;2;5;3
37;35;32;40;19;7;40;8;4;39;25;26
45;33;29;50;20;24;45;50;26;11;36;29
25;41;10;4;50;27;6;49;20;39;27;2
19;32;40;29;23;45;38;15;32;23;43;26
16;14;17;40;32;18;35;11;28;24;5;7
10;31;14;29;24;43;3;34;18;15;43;9
26;3;43;47;37;49;19;23;28;41;38;22
11;2;1;24;30;45;11;18;47;15;5;44
47;48;45;34;10;42;27;21;49;50;36;9
27;25;10;18;28;5;28;21;23;49;27;20
19;35;39;46;40;11;35;6;22;39;2;44
36;29;46;48;2;1;28;3;25;18;35;40
46;35;5;45;25;17;37;22;23;12;19;11
27;7;44;49;9;39;47;6;25;9;14;22
37;21;1;41;49;14;31;29;36;1;47;26
11;34;40;37;17;14;9;46;44;22;38;42
25;8;12;37;43;49;14;25;34;18;47;30
12;37;49;41;18;14;23;22;27;16;8;2
19;44;6;25;49;38;20;36;24;31;5;13
8;42;14;43;10;4;40;13;16;23;25;19
2;6;50;21;45;49;32;3;27;36;50;26
7;8;6;9;20;5;20;39;41;24;30;43
37;40;16;15;31;2;48;42;44;14;40;22
26;4;27;47;25;16;28;7;5;3;9;36
17;42;47;3;15;33;40;26;25;28;38;23
33;28;19;47;6;48;12;32;36;28;14;23
14;33;50;17;30;32;47;1;18;31;22;14
24;19;39;36;34;47;24;11;31;22;40;13
2;27;10;49;14;43;37;30;25;42;36;45
33;5;38;2;26;12;36;44;29;22;34;47
19;45;12;20;8;13;5;29;50;35;45;31
14;10;30;7;44;25;27;17;5;45;25;40
16;42;19;10;47;13;18;1;46;37;10;32
10;49;12;45;40;17;10;22;16;46;2;37
13;32;3;18;16;49;5;36;7;14;16;33
49;18;42;29;12;31;17;19;6;48;47;15
36;8;26;49;50;27;28;34;40;25;43;2
41;36;19;45;47;22;49;4;42;11;25;14
27;40;25;14;16;12;50;22;43;7;23;8
8;23;1;2;49;26;29;16;9;5;20;30
33;20;46;11;28;18;6;7;36;26;45;2
26;5;25;42;11;3;13;21;18;39;49;50
18;27;17;2;29;32;43;5;38;19;46;35
44;16;32;1;40;38;16;43;38;30;21;42
41;28;7;6;46;25;21;38;41;23;46;16
31;20;29;15;25;11;42;39;36;33;6;7
9;10;12;1;11;29;8;10;26;18;15;30
31;25;48;33;35;49;21;2;25;41;28;34
40;5;7;36;30;22;36;43;15;6;28;21
47;41;21;35;24;20;33;28;34;23;43;6
36;13;45;34;50;15;49;50;11;22;5;8
18;25;45;31;14;47;26;27;40;21;22;16
19;26;15;30;6;3;13;14;9;30;16;6
14;34;41;28;36;8;33;12;11;35;32;6
46;29;39;9;49;24;31;8;24;48;29;41
50;8;12;41;11;27;26;32;2;8;30;3
18;46;6;47;42;23;36;30;16;14;3;48
15;16;40;50;26;20;32;38;36;29;25;45
41;17;15;21;39;44;32;22;27;30;44;35
10;45;6;41;50;4;42;35;7;50;26;34
17;6;12;14;3;9;18;2;26;42;17;11
;;;;;;;;;;;
;;;;;;;;;;;
10;29;6;26;28;1;14;9;23;41;19;45
2;9;14;4;34;41;14;35;20;13;39;33
44;25;16;5;21;48;25;26;4;50;6;12
11;9;31;6;18;45;4;24;36;7;31;39
44;35;19;11;25;2;7;28;50;31;21;29
8;26;39;41;18;35;7;18;21;35;3;13
7;30;9;4;12;40;36;13;34;30;37;42
49;30;48;19;37;23;6;41;32;30;21;42
5;19;21;38;2;33;22;38;27;3;23;14
2;4;50;33;21;39;14;2;50;22;37;41
20;45;12;41;14;8;25;8;49;30;39;4
3;39;25;50;38;32;14;11;26;15;49;7
9;17;36;43;2;5;11;43;21;34;20;39
25;49;34;46;5;48;35;6;17;7;28;39
5;43;33;23;8;26;25;45;6;23;41;38
;;;;;;;;;;;
;;;;;;;;;;;
3;24;16;37;45;40;43;5;36;19;21;12
49;22;16;41;39;21;23;31;11;43;16;38
13;18;15;9;30;38;31;14;2;24;35;50
40;28;35;23;14;49;39;47;16;26;20;17
14;45;12;41;5;43;36;39;4;11;3;40
27;11;12;46;20;36;8;14;30;23;17;36
19;1;46;42;16;32;49;16;13;28;50;3
27;44;3;28;19;11;9;6;48;43;11;8
9;26;16;8;37;50;38;37;13;28;33;32
12;24;25;10;48;15;9;3;32;23;34;50
42;34;3;32;36;30;28;1;15;43;30;5
40;19;18;12;23;29;40;6;19;27;30;35
21;22;50;43;47;1;19;4;9;21;26;3
31;4;49;47;39;6;20;45;50;37;44;46
27;28;26;50;2;32;22;43;12;11;3;10
48;21;7;41;18;39;32;44;41;7;50;10
49;42;38;23;9;39;10;20;29;14;7;49
38;14;39;4;3;21;1;14;5;50;25;49
34;49;18;28;13;16;35;40;3;31;12;10
48;25;8;21;10;19;5;1;30;50;13;40
35;46;32;50;49;42;49;10;42;37;25;28
47;31;32;26;49;5;32;14;29;37;26;38
13;16;20;41;22;35;38;50;41;14;21;32
31;10;11;19;14;16;2;37;9;39;5;21
45;49;4;23;43;47;14;30;33;10;37;2
42;7;20;24;47;29;50;40;18;25;5;4
32;43;26;12;46;24;4;39;12;37;31;6
23;21;16;46;17;9;34;1;12;15;35;9
49;43;14;45;48;42;3;32;9;45;21;30
10;33;35;26;20;30;35;37;6;18;42;11
1;49;3;25;46;31;19;21;48;35;29;38
19;31;25;4;49;2;48;41;44;3;42;43
14;18;13;2;7;30;7;29;25;22;37;13
40;46;22;18;49;13;34;44;21;48;33;36
18;25;4;32;24;1;14;29;48;40;24;18
22;36;10;40;47;48;50;31;43;40;9;33
13;24;36;35;22;3;36;17;39;44;2;48
8;14;40;45;50;10;12;44;38;20;39;28
50;45;25;22;2;33;45;17;23;13;11;31
32;20;16;35;23;38;36;13;21;9;6;34
33;23;7;31;25;36;33;26;16;47;38;20
25;23;24;3;14;17;5;35;13;29;3;43
38;50;30;3;26;9;7;18;22;47;24;30
25;18;13;31;49;7;16;9;30;24;3;36
19;8;32;39;18;6;3;42;28;41;47;16
5;46;43;44;41;39;7;39;45;42;22;9
25;28;32;7;33;46;22;28;18;2;45;24
41;1;26;45;11;39;29;31;25;11;46;10
8;43;32;35;49;5;33;13;48;45;44;30
23;45;2;21;44;20;35;6;1;10;2;49
9;42;45;39;17;44;12;30;8;27;35;9
3;44;5;15;28;46;5;6;32;42;20;19
4;36;31;40;8;33;3;14;17;39;11;15
46;36;14;44;28;23;5;1;30;32;26;33
24;3;26;27;29;48;13;10;37;14;12;36
13;22;15;40;11;8;27;50;6;10;3;16
1;30;17;45;2;36;42;7;12;20;1;13
41;48;32;10;31;38;15;46;21;1;30;25
19;43;21;36;50;34;30;36;4;40;10;8
38;37;4;43;26;41;47;8;49;11;40;23
5;50;26;29;16;27;16;27;34;14;44;46
46;15;42;32;41;37;3;17;34;22;39;48
1;7;5;33;50;3;50;31;38;43;30;34
41;10;20;44;9;1;31;32;8;20;12;15
39;38;49;17;30;41;26;45;38;36;2;10
11;14;28;19;50;46;42;46;43;50;15;45
4;9;30;35;20;18;24;17;11;36;2;19
43;17;9;38;48;22;41;28;23;10;21;36
6;39;20;1;11;28;36;15;38;37;12;13
39;5;24;22;7;8;25;47;18;30;17;33
48;43;8;40;30;29;48;16;19;27;34;39
48;42;31;9;8;26;20;19;31;48;36;35
13;46;3;43;23;44;22;45;28;15;47;29
7;28;20;12;42;26;8;2;14;24;27;33
47;46;35;23;4;14;22;33;37;46;49;38
48;43;38;37;27;41;10;38;26;29;45;4
47;50;38;39;5;11;21;20;7;17;2;47
26;5;22;50;18;14;2;6;33;15;1;48
15;18;5;44;10;9;8;26;19;40;30;4
;;;;;;;;;;;
36;6;14;31;34;12;14;42;18;12;28;15
16;28;50;8;49;40;30;2;10;11;33;13
20;26;12;6;17;19;38;7;20;10;48;33
44;50;36;1;13;24;36;19;25;35;46;37
1;36;27;23;45;18;33;32;41;4;7;30
31;10;9;17;41;46;43;37;27;7;18;2
18;36;1;6;33;13;48;42;30;36;29;10
23;37;14;3;15;30;45;9;2;1;43;10
14;35;46;29;47;37;32;13;30;24;19;22
21;23;41;40;26;6;9;36;31;37;12;14
18;14;9;41;38;23;27;50;9;45;25;44
44;20;23;35;39;47;47;49;6;19;5;16
9;6;44;24;16;31;31;18;23;34;6;50
7;25;32;40;20;24;43;31;37;24;28;45
44;13;5;24;35;6;7;23;32;38;16;31
2;43;14;26;32;23;38;29;21;42;4;36
6;7;27;48;22;25;17;21;6;10;16;29
32;24;33;20;39;8;34;31;40;21;24;30
37;2;45;4;31;15;6;25;16;8;40;46
15;3;23;6;9;29;31;24;23;46;16;21
4;13;48;42;29;36;16;42;30;20;46;3
14;10;38;6;13;50;29;28;27;30;9;26
2;25;24;9;5;38;27;33;35;11;31;13
28;3;34;11;2;6;50;43;26;25;28;22
34;23;22;40;13;14;20;12;37;50;11;14
14;36;21;26;42;15;9;8;28;30;44;32
17;24;29;20;9;26;33;16;3;31;38;23
2;16;40;25;26;30;41;16;12;35;30;8
9;30;11;20;1;39;5;15;6;20;29;42
50;10;11;32;31;13;37;28;49;50;24;33
42;32;5;17;50;4;34;9;41;38;13;10
48;34;35;39;44;18;33;23;13;2;25;8
32;3;11;33;49;26;38;24;33;47;11;23
18;19;25;4;20;11;37;3;24;29;4;39
48;8;4;46;35;38;30;18;22;11;25;46
41;20;34;27;2;38;7;50;43;27;28;44
31;8;3;32;47;42;16;35;38;25;44;14
34;48;18;29;17;22;2;8;22;35;46;25
16;40;11;4;46;43;25;49;21;26;44;47
16;25;35;26;39;1;13;4;38;6;24;45
14;28;20;38;18;31;43;2;30;8;49;42
2;6;45;34;15;50;12;45;34;33;43;23
19;26;49;22;17;7;21;22;24;41;11;13
5;13;40;26;24;3;45;23;8;5;33;41
45;39;32;43;2;16;46;32;47;41;13;22
10;26;25;39;23;46;30;7;20;13;38;48
36;22;50;15;47;13;30;13;36;8;28;48
24;17;42;13;23;22;16;49;45;12;23;13
14;28;42;22;45;49;22;39;1;8;30;16
43;34;45;26;12;16;12;29;22;13;30;27
41;11;47;40;14;35;34;40;46;49;21;29
14;47;9;46;32;33;14;17;42;3;43;23
49;5;45;18;17;6;32;3;29;21;7;18
16;24;18;15;40;37;34;26;20;47;17;39
30;47;3;13;4;36;16;20;40;9;47;50
37;20;18;27;5;36;31;16;14;15;47;40
29;42;14;35;37;31;8;10;37;45;24;42
13;17;4;25;34;21;32;16;42;5;15;2
31;14;11;12;44;27;27;2;25;40;12;31
2;32;10;30;12;50;34;9;13;28;12;23
39;49;50;33;34;38;48;21;12;43;28;18
42;27;3;26;39;13;19;39;10;35;14;18
;;;;;;;;;;;
;;;;;;;;;;;
;;;;;;;;;;;
;;;;;;;;;;;
;;;;;;;;;;;
;;;;;;;;;;;
;;;;;;;;;;;
;;;;;;;;;;;
;;;;;;;;;;;
;;;;;;;;;;;
;;;;;;;;;;;
;;;;;;;;;;;
;;;;;;;;;;;
;;;;;;;;;;;
;;;;;;;;;;;
;;;;;;;;;;;
;;;;;;;;;;;
;;;;;;;;;;;
;;;;;;;;;;;
;;;;;;;;;;;
;;;;;;;;;;;
;;;;;;;;;;;
;;;;;;;;;;;
;;;;;;;;;;;
;;;;;;;;;;;
;;;;;;;;;;;
;;;;;;;;;;;
;;;;;;;;;;;
;;;;;;;;;;;
;;;;;;;;;;;
;;;;;;;;;;;
;;;;;;;;;;;
;;;;;;;;;;;
;;;;;;;;;;;
;;;;;;;;;;;
;;;;;;;;;;;
;;;;;;;;;;;
;;;;;;;;;;;
;;;;;;;;;;;
;;;;;;;;;;;
;;;;;;;;;;;
;;;;;;;;;;;
;;;;;;;;;;;
;;;;;;;;;;;
;;;;;;;;;;;
;;;;;;;;;;;
;;;;;;;;;;;
;;;;;;;;;;;
;;;;;;;;;;;
;;;;;;;;;;;
;;;;;;;;;;;
;;;;;;;;;;;
;;;;;;;;;;;
;;;;;;;;;;;
;;;;;;;;;;;
;;;;;;;;;;;
;;;;;;;;;;;
;;;;;;;;;;;
;;;;;;;;;;;
;;;;;;;;;;;
;;;;;;;;;;;
;;;;;;;;;;;
;;;;;;;;;;;
;;;;;;;;;;;
;;;;;;;;;;;
;;;;;;;;;;;
;;;;;;;;;;;
;;;;;;;;;;;
;;;;;;;;;;;
;;;;;;;;;;;
;;;;;;;;;;;
;;;;;;;;;;;
;;;;;;;;;;;
;;;;;;;;;;;
;;;;;;;;;;;
;;;;;;;;;;;
;;;;;;;;;;;
;;;;;;;;;;;
;;;;;;;;;;;
;;;;;;;;;;;
;;;;;;;;;;;
;;;;;;;;;;;
;;;;;;;;;;;
;;;;;;;;;;;
;;;;;;;;;;;
;;;;;;;;;;;
;;;;;;;;;;;
;;;;;;;;;;;
;;;;;;;;;;;
;;;;;;;;;;;
;;;;;;;;;;;
;;;;;;;;;;;
;;;;;;;;;;;
;;;;;;;;;;;
;;;;;;;;;;;
;;;;;;;;;;;
;;;;;;;;;;;
;;;;;;;;;;;
;;;;;;;;;;;
;;;;;;;;;;;
;;;;;;;;;;;
;;;;;;;;;;;
;;;;;;;;;;;
;;;;;;;;;;;
;;;;;;;;;;;
;;;;;;;;;;;
;;;;;;;;;;;
;;;;;;;;;;;
;;;;;;;;;;;
;;;;;;;;;;;
;;;;;;;;;;;
;;;;;;;;;;;
;;;;;;;;;;;
;;;;;;;;;;;
;;;;;;;;;;;
;;;;;;;;;;;
;;;;;;;;;;;
;;;;;;;;;;;
;;;;;;;;;;;
;;;;;;;;;;;
;;;;;;;;;;;
;;;;;;;;;;;
;;;;;;;;;;;
;;;;;;;;;;;
;;;;;;;;;;;
;;;;;;;;;;;
;;;;;;;;;;;
;;;;;;;;;;;
;;;;;;;;;;;
;;;;;;;;;;;
;;;;;;;;;;;
;;;;;;;;;;;
;;;;;;;;;;;
;;;;;;;;;;;
;;;;;;;;;;;
;;;;;;;;;;;
;;;;;;;;;;;
;;;;;;;;;;;
;;;;;;;;;;;
;;;;;;;;;;;
;;;;;;;;;;;
;;;;;;;;;;;
;;;;;;;;;;;
;;;;;;;;;;;
;;;;;;;;;;;
;;;;;;;;;;;
;;;;;;;;;;;
;;;;;;;;;;;
;;;;;;;;;;;
;;;;;;;;;;;
;;;;;;;;;;;
;;;;;;;;;;;
;;;;;;;;;;;
;;;;;;;;;;;
;;;;;;;;;;;
;;;;;;;;;;;
;;;;;;;;;;;
;;;;;;;;;;;
;;;;;;;;;;;
;;;;;;;;;;;
;;;;;;;;;;;
;;;;;;;;;;;
;;;;;;;;;;;
;;;;;;;;;;;
;;;;;;;;;;;
;;;;;;;;;;;
;;;;;;;;;;;
;;;;;;;;;;;
;;;;;;;;;;;
;;;;;;;;;;;
;;;;;;;;;;;
;;;;;;;;;;;
;;;;;;;;;;;
;;;;;;;;;;;
;;;;;;;;;;;
;;;;;;;;;;;
;;;;;;;;;;;
;;;;;;;;;;;
;;;;;;;;;;;
;;;;;;;;;;;
;;;;;;;;;;;
;;;;;;;;;;;
;;;;;;;;;;;
;;;;;;;;;;;
;;;;;;;;;;;
;;;;;;;;;;;
;;;;;;;;;;;
;;;;;;;;;;;
;;;;;;;;;;;
;;;;;;;;;;;
;;;;;;;;;;;
;;;;;;;;;;;
;;;;;;;;;;;
;;;;;;;;;;;
;;;;;;;;;;;
;;;;;;;;;;;
;;;;;;;;;;;
;;;;;;;;;;;
;;;;;;;;;;;
;;;;;;;;;;;
;;;;;;;;;;;
;;;;;;;;;;;
;;;;;;;;;;;
;;;;;;;;;;;
;;;;;;;;;;;
;;;;;;;;;;;
;;;;;;;;;;;
;;;;;;;;;;;
;;;;;;;;;;;
;;;;;;;;;;;
;;;;;;;;;;;
;;;;;;;;;;;
;;;;;;;;;;;
;;;;;;;;;;;
;;;;;;;;;;;
;;;;;;;;;;;
;;;;;;;;;;;
;;;;;;;;;;;
;;;;;;;;;;;
;;;;;;;;;;;
;;;;;;;;;;;
;;;;;;;;;;;
;;;;;;;;;;;
;;;;;;;;;;;
;;;;;;;;;;;
;;;;;;;;;;;
;;;;;;;;;;;
;;;;;;;;;;;
;;;;;;;;;;;
;;;;;;;;;;;
;;;;;;;;;;;
;;;;;;;;;;;
;;;;;;;;;;;
;;;;;;;;;;;
;;;;;;;;;;;
;;;;;;;;;;;
;;;;;;;;;;;
;;;;;;;;;;;
;;;;;;;;;;;
;;;;;;;;;;;
;;;;;;;;;;;
;;;;;;;;;;;
;;;;;;;;;;;
;;;;;;;;;;;
;;;;;;;;;;;
;;;;;;;;;;;
;;;;;;;;;;;
;;;;;;;;;;;
;;;;;;;;;;;
;;;;;;;;;;;
;;;;;;;;;;;
;;;;;;;;;;;
;;;;;;;;;;;
;;;;;;;;;;;
;;;;;;;;;;;
;;;;;;;;;;;
;;;;;;;;;;;
;;;;;;;;;;;
;;;;;;;;;;;
;;;;;;;;;;;
;;;;;;;;;;;
;;;;;;;;;;;
;;;;;;;;;;;
;;;;;;;;;;;
;;;;;;;;;;;
;;;;;;;;;;;
;;;;;;;;;;;
;;;;;;;;;;;
;;;;;;;;;;;
;;;;;;;;;;;
;;;;;;;;;;;
;;;;;;;;;;;
;;;;;;;;;;;
;;;;;;;;;;;
;;;;;;;;;;;
;;;;;;;;;;;
;;;;;;;;;;;
;;;;;;;;;;;
;;;;;;;;;;;
;;;;;;;;;;;
;;;;;;;;;;;
;;;;;;;;;;;
;;;;;;;;;;;
;;;;;;;;;;;
;;;;;;;;;;;
;;;;;;;;;;;
;;;;;;;;;;;
;;;;;;;;;;;
;;;;;;;;;;;
;;;;;;;;;;;
;;;;;;;;;;;
;;;;;;;;;;;
;;;;;;;;;;;
;;;;;;;;;;;
;;;;;;;;;;;
;;;;;;;;;;;
;;;;;;;;;;;
;;;;;;;;;;;
;;;;;;;;;;;
;;;;;;;;;;;
;;;;;;;;;;;
;;;;;;;;;;;
;;;;;;;;;;;
;;;;;;;;;;;
;;;;;;;;;;;
;;;;;;;;;;;
;;;;;;;;;;;
;;;;;;;;;;;
;;;;;;;;;;;
;;;;;;;;;;;
;;;;;;;;;;;
;;;;;;;;;;;
;;;;;;;;;;;
;;;;;;;;;;;
;;;;;;;;;;;
;;;;;;;;;;;
;;;;;;;;;;;
;;;;;;;;;;;
;;;;;;;;;;;
;;;;;;;;;;;
;;;;;;;;;;;
;;;;;;;;;;;
;;;;;;;;;;;
;;;;;;;;;;;
;;;;;;;;;;;
;;;;;;;;;;;
;;;;;;;;;;;
;;;;;;;;;;;
;;;;;;;;;;;
;;;;;;;;;;;
;;;;;;;;;;;
;;;;;;;;;;;
;;;;;;;;;;;
;;;;;;;;;;;
;;;;;;;;;;;
;;;;;;;;;;;
;;;;;;;;;;;
;;;;;;;;;;;
;;;;;;;;;;;
;;;;;;;;;;;
;;;;;;;;;;;
;;;;;;;;;;;
;;;;;;;;;;;
;;;;;;;;;;;
;;;;;;;;;;;
;;;;;;;;;;;
;;;;;;;;;;;
;;;;;;;;;;;
;;;;;;;;;;;
;;;;;;;;;;;
;;;;;;;;;;;
;;;;;;;;;;;
;;;;;;;;;;;
;;;;;;;;;;;
;;;;;;;;;;;
;;;;;;;;;;;
;;;;;;;;;;;
;;;;;;;;;;;
;;;;;;;;;;;
;;;;;;;;;;;
;;;;;;;;;;;
;;;;;;;;;;;
;;;;;;;;;;;
;;;;;;;;;;;
;;;;;;;;;;;
;;;;;;;;;;;
;;;;;;;;;;;
;;;;;;;;;;;
;;;;;;;;;;;
;;;;;;;;;;;
;;;;;;;;;;;
;;;;;;;;;;;
;;;;;;;;;;;
;;;;;;;;;;;
;;;;;;;;;;;
;;;;;;;;;;;
;;;;;;;;;;;
;;;;;;;;;;;
;;;;;;;;;;;
;;;;;;;;;;;
;;;;;;;;;;;
;;;;;;;;;;;
;;;;;;;;;;;
;;;;;;;;;;;
;;;;;;;;;;;
;;;;;;;;;;;
;;;;;;;;;;;
;;;;;;;;;;;
;;;;;;;;;;;
;;;;;;;;;;;
;;;;;;;;;;;
;;;;;;;;;;;
;;;;;;;;;;;
;;;;;;;;;;;
;;;;;;;;;;;
;;;;;;;;;;;
;;;;;;;;;;;
;;;;;;;;;;;
;;;;;;;;;;;
;;;;;;;;;;;
;;;;;;;;;;;
;;;;;;;;;;;
;;;;;;;;;;;
;;;;;;;;;;;
;;;;;;;;;;;
;;;;;;;;;;;
;;;;;;;;;;;
;;;;;;;;;;;
;;;;;;;;;;;
;;;;;;;;;;;
;;;;;;;;;;;
;;;;;;;;;;;
;;;;;;;;;;;
;;;;;;;;;;;
;;;;;;;;;;;
;;;;;;;;;;;
;;;;;;;;;;;
;;;;;;;;;;;
;;;;;;;;;;;
;;;;;;;;;;;
;;;;;;;;;;;
;;;;;;;;;;;
;;;;;;;;;;;
;;;;;;;;;;;
;;;;;;;;;;;
;;;;;;;;;;;
;;;;;;;;;;;
;;;;;;;;;;;
;;;;;;;;;;;
;;;;;;;;;;;
;;;;;;;;;;;
;;;;;;;;;;;
;;;;;;;;;;;
;;;;;;;;;;;
;;;;;;;;;;;
;;;;;;;;;;;
;;;;;;;;;;;
;;;;;;;;;;;
;;;;;;;;;;;
;;;;;;;;;;;
;;;;;;;;;;;
;;;;;;;;;;;
;;;;;;;;;;;
;;;;;;;;;;;
50;16;20;17;30;9;3;15;14;7;8;38
29;27;10;2;13;36;44;45;49;16;18;41
37;32;15;41;16;8;11;16;15;38;20;28
4;41;3;6;26;8;8;43;13;45;47;37
31;39;5;12;35;42;7;48;6;17;1;35
6;23;24;49;28;8;47;35;21;6;4;36
33;11;41;19;31;36;48;21;29;15;3;44
37;7;5;32;29;18;48;19;38;6;42;3
42;36;16;28;37;45;11;24;18;19;13;46
9;5;3;1;41;43;43;35;32;18;33;14
17;10;35;24;14;5;6;32;23;7;30;31
1;29;23;30;13;47;40;20;10;39;6;45
41;39;23;33;5;22;31;34;29;48;38;33
18;36;19;38;43;34;19;25;36;14;22;4
43;21;38;48;35;49;27;36;47;28;34;19
44;13;5;9;38;41;15;16;35;30;6;36
1;19;9;23;42;28;18;47;21;34;8;44
15;16;14;40;6;38;41;8;26;24;22;2
46;2;12;26;16;7;35;41;19;9;11;48
41;6;27;46;36;18;40;19;3;27;28;5
25;22;21;31;10;19;50;3;11;9;1;36
13;18;31;29;3;24;7;5;25;46;1;3
43;6;2;40;33;46;23;6;21;50;43;13
29;11;50;13;20;28;23;17;5;24;35;48
31;8;39;28;6;46;8;21;16;49;12;41
24;8;9;44;5;48;3;30;31;36;5;8
34;16;27;13;9;5;11;13;25;10;23;32
44;45;13;34;46;6;41;5;16;38;6;23
46;50;29;17;1;20;25;6;19;17;31;29
18;24;42;44;15;36;33;34;37;28;18;27
2;8;3;47;11;23;37;8;7;16;12;26
19;25;4;1;21;18;49;13;27;22;28;23
13;25;19;48;30;42;13;15;21;47;44;43
1;23;31;44;36;25;13;23;49;35;1;5
25;35;45;19;29;13;4;38;44;37;16;14
7;32;23;3;17;16;22;1;33;7;9;39
19;37;27;28;49;5;46;25;47;39;41;31
6;28;5;41;34;24;30;4;21;40;22;48
5;39;1;25;23;36;25;44;15;36;2;37
16;3;24;1;28;42;17;41;20;13;42;34
46;35;24;49;6;4;37;23;29;13;40;26
23;14;46;43;18;3;27;9;43;5;34;12
16;8;20;45;29;2;42;18;12;23;4;22
4;7;1;29;19;13;9;35;24;11;48;1
10;22;42;5;19;38;1;37;28;5;34;24
3;38;18;34;37;33;9;33;5;10;24;30
42;21;17;19;37;43;48;25;30;4;16;3
12;2;28;48;14;41;5;39;38;33;16;32
47;38;25;29;33;39;24;21;45;48;25;32
24;12;50;8;14;32;2;40;15;17;29;28
48;23;46;44;32;13;46;26;25;39;37;15
27;46;19;3;32;36;10;39;48;21;18;11
25;33;14;39;7;26;1;40;39;30;34;17
43;48;27;32;36;30;28;9;47;2;5;6
29;12;31;33;39;22;3;20;33;41;46;10
22;18;50;2;39;45;32;11;7;14;31;8
21;30;1;18;32;17;38;20;15;34;37;36
42;35;27;40;17;30;39;3;7;43;4;46
49;27;5;8;20;50;48;36;16;38;33;44
13;20;23;36;35;45;3;19;13;36;24;37
6;24;17;44;49;25;32;33;23;2;30;1
42;26;3;48;49;1;18;42;10;13;7;40
22;50;8;3;33;12;37;23;2;24;21;16
24;45;6;27;13;7;2;18;19;50;12;32
2;33;27;42;12;9;49;12;38;41;18;5
26;33;6;15;19;30;17;21;33;39;11;38
44;28;22;14;19;34;32;44;3;41;36;18
42;48;29;36;6;15;38;30;23;40;10;9
49;22;12;31;18;37;46;3;28;42;21;4
6;7;33;20;37;3;8;30;6;7;13;47
30;2;33;17;15;10;27;15;21;34;37;35
9;7;34;35;37;5;13;9;2;50;5;21
34;30;17;47;43;23;24;7;38;30;1;45
22;42;19;36;32;26;11;27;24;28;26;15
46;14;37;39;17;28;48;50;27;39;4;42
6;18;34;9;48;10;32;11;2;6;21;25
28;2;18;31;6;32;37;6;12;49;21;7
6;2;3;42;44;39;47;2;31;33;27;28
33;8;38;9;44;22;29;26;43;1;33;31
21;7;5;15;11;19;9;6;25;23;22;30
20;14;34;28;16;10;7;3;13;6;14;48
9;36;31;18;42;19;43;30;49;11;29;19
16;43;9;8;39;46;49;28;18;10;36;15
5;19;42;22;40;50;23;26;7;12;28;27
41;37;42;15;11;32;11;30;10;49;16;23
14;44;17;50;23;38;23;6;15;39;26;21
26;14;22;46;11;4;14;50;45;47;11;23
50;15;38;36;42;43;33;5;37;2;16;27
14;32;8;33;47;39;12;2;24;35;15;17
12;39;31;30;18;14;9;15;13;28;10;16
14;30;41;15;1;5;7;13;29;3;19;36
3;2;10;18;47;16;23;36;24;18;6;3
25;20;11;35;13;8;6;21;48;26;2;14
48;50;46;21;27;43;45;35;13;25;31;7
22;30;10;14;20;1;14;10;5;49;6;13
45;49;18;14;36;1;23;32;19;18;34;5
35;14;7;5;44;33;3;40;9;15;8;39
12;9;49;39;28;37;22;35;26;37;10;14
33;25;21;2;19;5;1;13;31;22;47;28
28;26;15;47;6;35;49;15;13;3;21;31
49;47;12;26;32;28;30;11;23;36;2;29
12;50;39;4;28;11;22;28;49;17;50;15
18;45;33;8;41;40;8;20;33;24;13;4
20;24;15;49;9;29;25;11;47;3;9;21
23;41;29;35;33;21;50;30;23;22;8;42
7;3;4;15;48;31;8;18;36;50;27;20
3;23;20;35;18;32;7;41;32;47;26;48
13;5;21;29;9;41;36;15;40;41;12;8
34;4;31;30;5;16;1;21;48;40;37;30
4;47;38;39;37;34;23;44;27;45;22;41
10;19;44;16;39;38;20;14;13;27;45;16
22;13;7;37;35;3;50;2;46;5;43;16
11;18;44;10;27;40;22;1;12;35;32;48
19;32;12;31;8;50;35;32;38;21;7;22
42;8;35;25;47;26;15;43;20;38;13;23
10;45;7;27;17;42;48;4;21;14;41;40
8;29;43;14;28;31;19;38;50;35;1;5
17;1;33;24;2;49;36;8;7;14;48;33
43;17;45;12;31;6;30;24;2;10;16;4
1;8;14;41;24;42;30;2;16;8;19;24
41;22;5;35;36;30;35;20;32;30;34;25
34;6;4;10;13;40;17;18;2;32;48;30
10;21;31;12;45;38;22;30;8;18;29;34
29;31;48;20;32;34;15;34;32;39;25;35
37;46;42;13;33;45;4;48;28;25;38;20
31;12;38;29;4;34;3;44;49;46;34;19
4;37;24;19;36;21;34;20;17;39;43;30
2;18;26;4;33;38;12;23;38;22;3;31
46;20;10;11;13;41;50;44;46;22;43;16
38;24;8;11;14;22;25;12;10;5;26;46
36;41;20;27;16;7;29;9;31;33;48;2
40;16;6;20;25;27;3;35;28;34;11;20
42;44;20;26;21;29;13;8;40;35;48;6
39;23;24;18;33;22;15;42;28;48;12;38
7;31;36;38;13;6;28;33;46;1;38;16
25;17;27;2;36;20;7;39;46;21;37;22
7;18;49;44;30;29;13;48;36;38;9;5
46;2;49;39;3;17;6;9;7;24;47;10
24;16;27;18;40;39;37;50;39;22;41;32
7;24;42;3;40;50;42;6;45;48;9;17
11;3;26;49;14;18;47;19;28;17;50;14
17;37;16;1;46;43;25;27;50;40;47;35
27;7;26;41;8;3;29;27;30;20;31;47
21;5;41;20;50;43;39;47;46;35;14;13
6;20;39;19;9;47;14;49;37;15;7;16
3;40;28;31;32;47;28;17;23;27;16;45
26;25;19;36;10;18;50;13;33;6;26;7
3;4;11;6;9;15;48;7;29;32;17;13
10;16;49;36;21;17;19;13;28;30;21;41
29;17;42;35;27;18;43;31;5;24;6;9
22;33;24;36;42;45;10;46;9;21;42;23
47;4;7;39;35;29;7;18;25;30;45;8
18;41;34;30;22;26;25;44;6;2;17;30
19;44;8;46;17;29;4;41;2;19;35;5
;;;;;;;;;;;
35;6;39;44;8;26;27;5;44;24;36;20
44;50;35;18;40;43;40;11;32;43;10;2
16;33;47;12;48;41;9;29;10;47;44;15
36;46;21;43;16;31;16;14;25;5;20;9
19;39;48;25;15;1;26;7;28;29;19;50
39;3;17;37;5;50;32;4;18;47;39;20
48;35;16;49;7;8;18;43;38;44;12;15
21;12;35;16;15;26;5;38;31;48;46;41
38;10;42;7;45;21;40;22;12;46;24;9
16;23;13;24;11;39;24;39;30;50;12;18
16;22;50;5;44;8;33;38;39;47;40;23
41;10;38;11;9;49;8;27;35;18;21;47
15;47;27;44;12;33;39;25;16;48;20;32
4;50;10;37;43;44;43;25;44;14;15;26
28;32;3;44;31;30;7;10;41;23;36;14
23;3;8;38;19;10;20;34;46;31;6;42
46;31;16;37;2;6;8;17;19;48;35;24
25;8;6;22;38;48;20;4;42;13;35;31
7;20;26;23;29;21;25;32;46;49;33;27
12;6;27;14;41;15;13;22;23;20;9;1
40;42;3;20;26;46;38;45;35;4;41;7
30;36;31;23;9;40;28;47;42;21;17;29
39;40;35;26;6;46;12;45;17;26;38;24
42;14;48;15;36;7;21;13;47;27;12;49
26;12;1;47;35;4;14;12;50;40;18;1
9;41;5;32;37;49;10;19;33;26;46;35
30;34;28;19;35;32;50;2;40;33;15;25
39;22;33;40;48;26;20;10;34;27;37;33
10;49;14;9;41;39;34;41;17;50;1;4
15;14;41;48;1;7;36;12;23;40;22;7
49;2;19;26;11;45;19;43;24;49;8;3
33;23;16;17;48;4;41;1;25;37;38;22
40;24;44;49;30;6;32;44;40;14;2;46
3;31;39;2;29;12;22;12;20;43;46;6
49;25;38;32;34;29;21;43;38;45;49;8
26;17;28;16;33;27;4;6;12;11;10;1
31;46;12;23;17;7;32;44;1;33;40;13
31;21;10;18;30;7;11;29;34;46;18;30
19;46;3;2;39;50;34;22;35;25;49;29
28;29;50;8;3;43;24;37;13;3;10;1
6;34;29;47;30;33;10;40;2;29;1;36
42;2;32;5;14;40;23;41;46;6;31;7
24;31;7;30;4;25;21;36;50;39;3;34
14;32;8;21;35;3;2;26;16;9;32;44
35;10;39;31;50;19;49;15;24;41;38;22
28;9;17;15;19;42;29;13;15;42;16;17
11;2;6;41;27;14;48;38;47;25;45;27
2;12;41;38;16;5;41;39;21;7;12;34
6;21;45;10;39;1;45;7;12;26;14;36
1;50;14;33;4;12;10;17;1;47;33;27
46;41;45;15;3;13;6;36;9;23;44;28
14;49;43;30;23;26;45;21;29;34;30;36
27;24;20;6;39;23;44;1;34;31;26;41
49;30;45;28;37;7;34;10;19;42;45;12
18;37;4;46;22;10;48;1;21;45;8;13
41;5;48;31;15;3;10;13;44;25;12;47
48;44;49;50;36;26;38;17;2;10;45;20
5;40;6;15;38;31;47;4;49;32;43;16
41;7;18;44;40;39;28;9;47;22;8;3
46;8;41;48;27;36;19;17;5;9;12;13
46;12;38;22;4;32;46;24;37;43;9;38
7;15;32;50;20;4;41;40;13;34;43;38
43;30;38;20;3;33;32;30;8;10;2;50
15;10;13;3;45;26;5;33;43;41;19;12
34;35;19;21;27;37;20;36;44;42;47;3
11;43;16;28;42;47;3;20;10;14;31;46
22;29;40;17;31;18;9;4;19;43;16;29
36;41;11;24;6;5;35;27;45;15;4;25
30;11;28;4;47;50;1;26;40;2;32;43
40;14;24;8;27;45;3;18;34;9;32;50
29;2;48;25;38;12;31;20;5;18;35;26
24;7;14;21;4;27;45;41;22;13;12;4
44;13;6;39;19;17;33;26;19;22;31;29
25;5;44;12;4;41;16;48;22;31;40;3
10;25;28;38;43;2;10;33;17;14;41;5
38;18;17;37;12;4;24;29;15;38;19;3
48;1;46;21;4;16;21;38;50;43;10;46
42;3;35;22;37;9;48;7;36;47;43;26
50;31;19;1;6;36;22;16;17;20;30;46
17;28;11;30;36;15;40;28;35;5;25;31
35;9;40;41;27;30;34;38;7;39;21;33
36;3;35;33;42;45;25;1;44;7;39;41
24;31;13;5;40;9;16;35;37;42;27;25
3;29;37;5;30;45;5;34;14;25;21;41
41;13;34;40;22;48;12;20;8;48;26;3
30;23;22;26;35;28;1;4;49;36;33;38
32;9;43;18;46;10;20;49;25;8;44;38
6;39;24;41;22;28;50;15;18;36;12;24
32;10;21;46;17;43;8;18;45;47;23;3
43;47;33;41;50;19;9;48;28;31;37;1
14;22;17;30;43;29;20;26;1;22;40;48
46;5;43;18;44;41;26;33;1;49;18;43
