Concurso,Data Sorteio,Bola1,Bola2,Bola3,Bola4,Bola5,Bola6,Bola7,Bola8,Bola9,Bola10,Bola11,Bola12,Bola13,Bola14,Bola15
1,37893,18,20,25,23,10,11,24,14,6,2,13,9,5,16,3
2,37900,23,15,5,4,12,16,20,6,11,19,24,1,9,13,7
3,37907,20,23,12,8,6,1,7,11,14,4,16,10,9,17,24
4,37914,16,5,25,24,23,8,12,2,17,18,1,10,4,19,13
5,37921,15,13,20,2,11,24,9,16,4,23,25,12,8,19,1
6,37928,23,19,1,5,7,21,16,10,15,25,6,2,12,4,17
7,37935,22,4,15,8,16,14,21,23,12,1,25,19,7,10,18
8,37942,19,16,18,9,13,8,5,25,17,10,6,15,1,22,20
9,37949,21,4,17,5,3,13,16,9,20,24,25,19,11,15,10
10,37956,24,19,8,23,6,2,20,11,9,3,4,10,5,12,14
11,37963,24,9,8,19,20,22,6,10,11,16,7,25,23,2,12
12,37970,11,5,25,1,9,8,16,4,7,24,17,2,12,14,10
13,37977,13,6,10,5,8,14,3,11,16,15,9,17,19,7,23
14,37984,14,21,13,19,20,6,9,5,7,23,18,1,15,2,25
15,37991,23,6,21,4,10,24,16,1,15,2,8,19,12,18,25
16,37998,24,17,5,8,7,12,13,2,15,10,19,25,23,21,6
17,38005,13,20,17,1,6,7,2,14,5,9,16,19,3,21,18
18,38012,2,23,10,7,11,14,17,22,15,6,24,8,19,20,18
19,38019,15,17,10,23,11,24,13,14,6,2,8,5,20,16,7
20,38026,4,9,8,24,16,20,3,17,18,19,7,6,23,14,10
21,38033,5,2,1,22,19,8,24,4,25,23,18,20,14,11,16
22,38042,13,15,5,9,7,10,1,3,22,2,25,14,6,4,12
23,38047,10,11,5,19,18,14,6,4,20,1,8,3,12,16,17
24,38054,1,19,21,14,2,23,25,5,20,11,7,10,24,17,3
25,38061,4,23,20,2,5,13,7,9,24,3,1,6,14,22,16
26,38068,19,11,7,16,8,21,5,10,20,13,23,9,17,14,22
27,38075,25,6,22,21,11,24,3,14,12,13,20,8,10,15,18
28,38082,18,21,11,7,9,3,20,16,14,12,13,17,1,19,10
29,38089,13,14,6,1,24,4,8,5,17,22,21,19,20,9,16
30,38096,22,2,1,17,8,4,19,20,11,14,6,21,7,23,3
31,38103,1,3,22,14,21,17,24,15,20,13,2,19,4,25,9
32,38110,10,14,9,16,15,7,22,6,4,2,1,17,23,11,20
33,38117,8,20,12,16,10,21,5,2,23,19,11,24,1,14,7
34,38124,7,19,16,10,23,4,18,11,8,9,20,21,1,2,15
35,38131,12,1,13,23,19,21,17,11,22,6,25,16,14,5,4
36,38138,7,23,10,20,1,21,4,8,11,19,17,22,24,14,5
37,38145,24,20,5,15,10,22,21,3,1,23,11,4,13,8,9
38,38152,14,13,8,16,1,10,3,7,15,25,9,2,24,6,22
39,38159,14,15,7,19,8,9,22,17,23,18,2,11,24,13,21
40,38166,10,17,16,12,14,24,8,7,5,20,21,1,13,2,22
41,38173,25,4,23,18,17,19,15,13,9,3,12,20,21,16,2
42,38180,1,24,12,25,4,3,21,8,11,6,15,22,14,17,5
43,38187,23,22,3,17,1,24,14,19,8,6,9,18,20,7,10
44,38194,23,21,12,19,5,4,6,13,14,10,3,18,24,11,25
45,38201,1,23,14,16,2,19,18,7,21,9,24,25,17,5,3
46,38208,6,14,8,11,24,18,19,23,2,5,4,21,10,1,25
47,38215,6,8,25,18,20,5,11,10,15,13,4,22,3,2,1
48,38222,15,6,21,20,2,17,5,23,11,7,13,16,18,19,22
49,38229,11,2,24,8,20,16,4,13,19,6,15,22,5,23,21
50,38236,2,3,7,25,21,23,10,1,13,11,20,6,12,19,9
51,38243,8,1,13,14,5,22,21,7,6,23,3,17,20,11,16
52,38250,25,4,16,2,15,21,12,9,11,8,24,23,1,13,22
53,38257,23,3,7,17,20,14,12,2,18,24,6,1,11,9,19
54,38264,22,8,12,9,21,5,20,4,24,2,7,6,14,16,18
55,38271,4,6,12,15,2,3,13,16,8,9,7,25,5,18,19
56,38278,19,1,5,14,16,15,17,2,13,22,20,12,23,9,24
57,38285,25,17,8,11,3,6,19,22,21,7,20,1,4,12,2
58,38292,20,14,11,13,19,18,15,16,5,3,6,12,17,22,4
59,38299,6,8,14,1,23,20,3,15,25,11,5,7,13,10,19
60,38307,17,22,16,5,3,2,18,8,25,11,1,19,4,23,24
61,38313,4,15,1,23,9,14,12,11,13,19,25,16,22,5,20
62,38320,9,7,1,13,20,11,3,17,25,8,14,16,15,18,24
63,38327,13,19,22,17,10,4,25,9,24,8,16,11,21,12,20
64,38334,13,1,10,6,25,23,14,9,7,2,18,8,20,3,17
65,38341,23,19,10,7,1,17,4,2,22,16,21,15,20,18,25
66,38348,8,10,23,17,11,20,2,14,21,22,15,16,24,4,1
67,38355,7,24,13,20,16,5,21,12,11,8,15,22,23,10,9
68,38362,9,1,25,16,6,3,5,22,7,12,8,10,2,17,23
69,38369,23,7,11,15,4,17,20,8,9,24,1,18,21,10,19
70,38376,14,5,9,24,6,15,12,19,20,1,2,25,16,10,3
71,38383,13,3,22,5,1,21,23,6,8,11,15,18,14,16,9
72,38392,2,16,5,25,23,11,18,13,24,15,1,7,8,12,17
73,38397,25,17,18,2,16,19,15,13,14,5,21,11,7,1,10
74,38404,8,25,3,1,2,22,16,4,5,15,6,18,13,23,11
75,38411,10,8,3,16,7,25,20,4,13,6,11,15,17,5,1
76,38418,15,5,12,10,19,16,21,17,25,9,13,1,23,8,3
77,38425,6,20,4,9,11,17,3,8,2,21,24,14,22,25,18
78,38432,15,5,17,23,1,8,7,20,16,6,12,18,3,2,13
79,38439,15,14,17,2,22,24,5,23,20,9,12,18,25,1,3
80,38446,17,22,25,7,20,3,18,10,4,1,14,9,2,5,15
81,38453,13,2,7,19,17,15,1,4,6,21,3,11,5,16,10
82,38460,4,8,19,12,23,17,13,20,1,18,6,15,5,22,9
83,38467,23,10,25,20,14,3,1,6,2,11,8,13,12,24,5
84,38474,15,22,8,25,6,4,16,1,2,24,19,20,17,23,12
85,38481,1,2,11,21,16,8,23,7,18,22,14,15,5,13,9
86,38488,13,19,12,18,5,6,9,24,23,4,17,8,25,2,14
87,38495,11,3,18,25,5,24,13,8,15,10,9,22,1,2,20
88,38502,8,10,18,24,11,1,17,2,25,9,14,19,12,4,5
89,38509,23,16,1,12,21,25,17,19,13,20,24,15,6,11,22
90,38516,22,10,11,8,17,20,23,3,21,1,15,25,2,12,24
91,38523,16,23,1,25,22,14,9,13,11,10,12,15,4,20,17
92,38530,17,6,4,1,8,15,2,19,14,13,12,18,21,24,22
93,38537,4,24,7,17,9,13,18,20,5,6,10,21,2,19,23
94,38544,21,9,13,12,11,15,4,22,24,16,8,18,23,2,17
95,38551,10,4,18,22,1,3,20,19,17,2,15,5,11,12,14
96,38558,9,17,24,6,16,10,23,18,14,19,4,3,12,21,22
97,38566,4,10,13,22,17,3,23,24,12,14,15,25,19,20,6
98,38572,24,17,15,25,8,18,22,6,1,11,23,20,5,2,10
99,38579,4,7,24,25,20,14,1,2,10,16,17,11,21,13,3
100,38586,11,22,14,25,10,8,23,13,4,16,17,9,3,12,1
101,38593,7,6,14,19,13,3,21,23,1,24,16,17,9,20,10
102,38600,19,4,22,1,7,23,10,25,21,11,18,2,3,9,12
103,38607,23,18,1,7,5,22,2,3,25,10,4,17,8,16,11
104,38614,6,5,22,24,19,16,11,14,21,13,15,25,7,18,10
105,38621,8,7,10,12,25,9,15,22,19,6,11,13,4,17,21
106,38628,5,15,3,1,4,13,22,2,25,6,10,17,14,23,12
107,38635,24,4,7,17,21,12,15,3,25,11,1,18,6,8,9
108,38642,9,15,25,14,16,2,8,11,12,7,1,22,4,23,18
109,38649,9,7,23,1,11,25,18,13,20,3,21,5,24,16,12
110,38656,23,20,3,6,5,1,4,25,12,13,21,17,22,14,19
111,38663,10,1,19,21,25,17,12,5,11,15,13,24,6,18,22
112,38670,20,10,2,6,19,21,18,3,17,11,1,14,4,15,23
113,38677,6,14,24,2,19,5,12,8,20,21,4,11,1,13,25
114,38684,20,3,22,9,6,2,14,1,10,25,24,11,21,8,7
115,38691,4,17,5,16,6,11,20,9,12,21,25,7,13,1,18
116,38698,11,13,18,10,25,23,16,1,14,2,19,21,12,9,20
117,38705,14,20,5,11,9,23,18,17,6,13,25,15,7,12,10
118,38713,24,15,21,22,18,4,14,13,19,6,12,2,23,8,5
119,38719,15,1,21,22,9,4,18,6,24,20,23,11,8,10,17
120,38726,3,8,19,7,20,16,15,13,12,11,1,24,18,21,5
121,38733,17,24,25,23,7,2,4,5,11,10,9,1,18,16,12
122,38740,5,22,2,10,13,15,9,20,4,25,1,18,23,17,8
123,38747,20,13,21,6,18,5,4,7,17,24,19,12,23,11,22
124,38754,19,9,2,6,24,7,20,16,15,3,25,14,4,18,21
125,38761,10,22,7,6,12,16,11,21,4,9,24,3,2,25,15
126,38768,7,22,18,8,13,25,16,1,21,4,24,14,3,2,6
127,38777,5,25,4,1,13,2,12,18,22,19,23,7,3,10,11
128,38782,17,2,14,21,3,23,6,15,13,11,4,16,19,25,20
129,38789,5,11,9,22,6,21,7,19,2,20,15,23,18,25,13
130,38796,15,19,6,4,24,2,17,25,13,23,10,12,5,3,9
131,38803,2,25,20,12,5,7,6,11,13,19,8,4,15,22,23
132,38810,9,25,14,11,7,15,1,22,16,4,5,17,3,10,23
133,38817,18,22,9,3,15,20,8,21,4,19,13,1,11,23,5
134,38824,12,16,5,7,11,19,8,25,22,17,14,1,3,10,13
135,38831,7,22,13,2,21,14,19,8,1,25,20,10,15,18,5
136,38839,1,2,23,12,17,21,5,22,9,15,24,14,13,6,3
137,38845,18,6,19,25,11,8,17,20,16,10,2,21,12,9,13
138,38852,15,7,16,17,8,24,22,2,3,13,11,5,21,25,4
139,38859,22,24,23,12,1,15,7,14,21,16,17,2,9,18,19
140,38866,12,10,19,1,25,22,15,6,2,24,13,20,9,18,3
141,38873,18,12,19,3,8,17,13,1,25,20,10,16,9,24,7
142,38880,1,18,19,5,23,7,6,16,17,24,15,9,22,4,2
143,38887,21,11,22,9,24,8,17,15,25,1,16,23,13,19,2
144,38894,12,17,1,2,21,4,14,22,9,24,20,7,19,11,25
145,38901,14,15,20,22,13,10,25,11,18,9,24,2,3,1,17
146,38908,17,22,12,2,11,5,24,10,14,13,25,16,1,23,8
147,38915,2,5,12,13,21,23,22,11,1,10,6,25,4,19,16
148,38922,5,22,24,2,1,12,8,21,16,25,20,9,13,4,17
149,38930,24,19,2,17,16,9,25,5,20,18,13,10,15,23,7
150,38936,21,7,11,5,8,19,1,25,6,22,24,14,23,9,3
151,38943,18,10,13,11,3,9,12,4,23,7,24,16,14,5,20
152,38950,23,3,25,6,19,22,24,15,7,17,8,13,20,4,5
153,38957,13,21,5,25,8,20,23,12,11,4,1,18,2,24,17
154,38964,18,9,16,5,15,24,23,10,1,11,14,6,13,3,2
155,38971,15,10,16,14,8,11,19,2,21,20,18,4,5,22,24
156,38978,3,8,9,15,13,10,12,4,23,20,22,1,19,11,14
157,38985,10,14,2,18,25,9,21,7,24,1,16,6,4,12,19
158,38992,11,15,22,17,12,23,2,7,16,18,19,9,20,10,8
159,38999,11,2,1,3,17,15,25,10,24,14,4,6,8,5,20
160,39006,15,14,3,12,16,24,19,21,20,17,10,4,9,1,11
161,39009,21,24,1,8,20,17,25,18,11,5,15,23,22,16,13
162,39013,3,1,12,6,20,11,5,16,24,2,8,23,13,4,18
163,39016,21,3,14,6,2,1,25,9,15,13,20,24,23,7,5
164,39020,1,11,14,5,15,10,2,6,21,18,3,24,8,23,22
165,39024,9,1,19,13,14,4,12,15,25,2,22,8,18,17,6
166,39027,18,3,9,21,19,22,8,15,10,23,14,2,20,4,13
167,39030,18,10,1,13,19,9,16,14,24,2,6,3,22,8,23
168,39034,1,7,20,4,19,12,24,3,15,17,16,2,10,23,22
169,39037,4,16,24,6,8,11,15,10,1,21,5,12,9,7,20
170,39042,7,22,25,4,13,23,6,5,1,20,3,10,18,8,16
171,39044,24,3,25,10,17,13,16,22,15,4,1,23,12,11,21
172,39048,2,18,9,11,7,13,6,1,4,25,12,20,21,22,10
173,39051,2,5,11,23,22,15,8,24,20,21,19,3,7,4,25
174,39055,4,7,13,23,10,20,2,9,1,15,24,17,12,25,11
175,39058,7,11,2,14,18,5,21,19,16,3,15,12,24,13,6
176,39062,12,25,15,21,10,4,24,16,11,13,18,2,22,17,23
177,39065,24,16,11,13,6,19,2,17,7,8,15,20,10,23,21
178,39069,6,3,21,25,10,20,19,23,9,4,8,2,24,16,14
179,39072,2,15,17,3,22,19,14,7,23,25,5,4,24,9,13
180,39077,2,4,11,20,17,25,24,7,1,5,3,10,15,6,8
181,39079,1,16,22,5,20,7,23,8,15,4,6,14,17,19,21
182,39084,11,22,8,19,17,3,2,14,25,9,7,21,13,23,4
183,39086,8,7,6,13,23,11,19,21,16,25,14,20,24,2,4
184,39090,3,17,7,23,11,15,8,1,19,21,25,16,18,9,10
185,39093,20,19,25,6,1,15,23,8,12,9,11,4,7,2,17
186,39097,16,25,23,22,13,5,6,19,24,17,2,18,4,11,12
187,39100,21,25,12,1,16,3,13,24,11,17,19,15,23,22,18
188,39104,16,19,20,10,25,24,22,8,13,5,11,23,21,2,3
189,39107,9,13,5,18,23,19,16,22,1,2,7,4,20,6,24
190,39111,16,11,13,15,23,24,8,1,5,18,4,19,3,7,14
191,39114,23,9,18,5,19,20,8,2,22,10,13,21,15,17,12
192,39118,24,11,1,13,3,6,16,4,15,22,2,23,14,5,21
193,39121,14,16,21,2,9,19,20,3,4,10,25,1,15,5,8
194,39125,23,14,22,25,12,18,8,9,13,15,2,21,17,7,10
195,39128,4,3,14,22,19,17,9,12,18,7,23,8,11,2,6
196,39135,22,24,10,15,16,25,20,14,17,5,2,4,23,19,3
197,39139,9,13,23,20,3,6,10,5,22,4,8,12,7,18,21
198,39142,25,1,6,2,13,7,18,21,14,4,15,20,5,17,16
199,39146,23,2,6,11,22,20,4,3,15,5,1,9,21,12,19
200,39149,16,8,9,5,23,11,13,12,4,14,15,2,1,21,24
201,39153,10,15,8,19,2,11,12,5,20,1,22,4,13,9,14
202,39156,5,14,23,19,24,10,17,11,1,21,22,13,16,3,18
203,39160,24,2,4,5,12,13,1,3,23,18,6,7,25,14,17
204,39163,8,25,16,17,23,22,5,15,4,7,24,2,14,3,11
205,39167,21,4,18,12,22,10,2,16,17,11,3,15,25,14,9
206,39170,22,9,5,16,15,3,13,8,21,2,12,17,11,20,14
207,39174,4,12,6,1,15,10,19,3,14,9,17,2,13,22,20
208,39177,24,19,16,7,3,12,23,6,9,10,4,1,14,11,15
209,39181,24,1,19,22,25,3,10,15,14,6,5,18,21,7,9
210,39184,15,16,7,14,18,22,10,13,23,11,3,24,9,21,5
211,39188,17,1,10,12,2,6,8,4,24,18,14,22,11,16,25
212,39191,16,6,19,22,3,1,20,11,10,14,8,23,4,9,12
213,39195,16,1,10,21,5,4,9,23,8,3,24,25,11,18,19
214,39198,2,14,4,18,9,24,11,1,13,19,3,22,25,20,15
215,39202,17,15,3,12,25,9,19,23,11,4,7,14,5,18,1
216,39205,11,9,17,13,21,6,4,25,24,5,3,7,19,2,10
217,39209,6,16,4,5,12,19,11,25,10,21,7,2,9,17,3
218,39212,21,25,15,17,11,22,2,16,8,13,14,12,5,20,7
219,39216,19,24,3,22,2,17,11,18,25,16,23,8,9,14,6
220,39219,21,16,5,25,13,23,24,10,20,18,14,9,15,12,17
221,39223,6,1,17,7,21,12,3,23,16,20,2,8,19,10,25
222,39226,5,15,21,4,23,12,7,8,24,22,6,18,1,3,9
223,39230,9,23,14,22,2,24,11,7,10,13,16,21,4,12,20
224,39233,24,9,8,4,19,11,21,13,18,20,15,23,10,6,12
225,39237,15,25,8,1,23,3,5,13,2,19,14,20,22,7,18
226,39241,20,5,19,14,13,10,8,15,17,21,18,4,16,11,25
227,39244,10,18,20,21,5,17,14,12,19,7,22,15,9,1,8
228,39247,14,15,19,17,11,4,20,16,13,25,12,24,18,2,10
229,39251,9,6,25,15,20,12,16,14,11,10,17,23,8,13,2
230,39254,6,1,4,24,17,22,8,11,2,5,15,13,14,3,10
231,39258,24,17,19,12,21,1,5,18,10,2,7,15,25,6,16
232,39261,11,24,21,23,14,25,16,13,12,4,5,17,6,9,18
233,39265,1,14,7,3,13,2,6,8,12,5,21,17,9,19,4
234,39268,11,14,1,5,2,12,3,4,13,17,24,9,15,21,22
235,39272,21,13,24,14,18,17,8,16,12,23,19,15,1,25,10
236,39275,1,13,3,22,25,23,5,16,4,9,12,15,8,7,21
237,39279,13,12,7,6,5,19,23,16,4,20,22,9,18,15,21
238,39282,11,17,19,24,20,13,6,21,4,12,1,14,23,15,3
239,39286,7,13,9,14,25,15,10,22,1,23,16,3,6,19,5
240,39289,2,10,9,23,19,15,1,13,22,4,11,18,14,16,21
241,39293,14,5,23,24,13,15,21,8,12,9,25,4,17,20,3
242,39296,13,2,21,19,8,15,17,6,22,14,9,16,18,23,5
243,39300,5,3,13,25,7,23,16,21,18,1,20,4,2,12,17
244,39303,6,12,10,24,11,7,18,15,3,22,5,14,20,21,9
245,39307,11,24,10,19,18,12,14,25,1,9,2,15,6,7,16
246,39310,8,7,25,24,1,5,9,21,18,15,17,12,10,4,13
247,39314,1,22,7,8,14,4,2,25,3,17,15,16,23,19,9
248,39317,25,10,12,8,5,2,11,20,21,1,16,19,9,13,15
249,39321,23,5,21,14,18,12,7,15,8,4,25,9,22,17,10
250,39324,19,13,2,5,23,9,3,10,15,17,16,18,21,12,1
251,39328,21,13,19,15,23,18,22,9,4,25,16,10,3,5,6
252,39331,2,6,18,25,15,11,24,23,3,22,17,4,19,14,8
253,39335,22,4,19,5,21,23,6,1,18,11,12,15,8,13,7
254,39338,20,2,23,6,5,14,15,9,8,3,7,11,16,13,4
255,39342,17,3,4,1,2,14,15,10,9,16,22,24,6,21,23
256,39345,1,12,10,9,16,8,18,20,7,2,6,22,13,15,24
257,39349,22,10,12,9,7,18,13,6,1,16,3,24,14,17,19
258,39352,13,20,12,4,2,25,22,24,19,21,9,6,14,5,17
259,39356,10,25,18,15,6,21,22,20,7,3,8,9,24,19,5
260,39359,24,11,5,19,7,20,9,18,14,3,13,8,1,6,4
261,39363,4,2,16,15,25,6,11,21,5,17,19,20,7,13,1
262,39366,8,21,12,20,3,14,13,7,9,24,15,23,4,17,6
263,39370,23,19,8,15,16,11,7,21,24,9,10,1,18,4,14
264,39373,8,3,25,6,22,9,13,23,20,4,16,19,1,12,21
265,39377,7,12,22,5,19,11,18,8,13,16,17,24,1,20,15
266,39380,18,21,3,19,4,14,24,22,5,6,7,9,11,1,15
267,39384,15,11,23,9,12,6,14,13,17,24,21,2,5,4,3
268,39387,25,23,8,15,9,16,20,12,7,18,6,19,5,10,14
269,39391,22,2,1,4,13,15,18,19,24,23,10,16,17,6,14
270,39394,16,1,14,5,9,18,8,3,6,25,7,19,23,4,24
271,39398,19,11,5,16,24,20,25,6,4,12,8,1,21,2,18
272,39402,25,15,12,1,4,9,13,24,8,17,5,20,11,23,2
273,39405,16,5,21,7,12,20,1,15,24,18,25,10,19,17,6
274,39408,15,25,5,23,10,2,7,12,17,14,11,21,6,20,4
275,39412,6,9,12,22,1,10,15,5,14,17,20,3,18,11,8
276,39415,2,7,17,5,18,12,22,3,25,13,20,4,11,19,10
277,39419,16,24,13,2,17,10,9,11,21,4,23,14,25,22,12
278,39422,12,9,2,3,21,19,1,23,5,15,11,17,13,6,25
279,39426,12,10,3,17,18,6,5,23,1,2,22,19,11,9,13
280,39429,9,25,20,10,19,24,5,13,16,3,17,11,6,15,4
281,39433,4,1,10,23,12,2,25,17,19,8,11,9,14,3,15
282,39436,25,7,3,21,11,20,16,13,8,4,15,12,19,22,2
283,39438,24,22,10,13,4,20,6,1,11,9,23,12,8,2,19
284,39443,23,5,22,7,21,12,25,13,1,11,15,17,3,6,19
285,39445,11,16,8,10,14,1,4,5,15,22,9,12,19,13,23
286,39450,25,1,23,21,7,4,11,9,12,2,13,10,24,19,3
287,39454,15,21,6,23,2,10,22,25,7,17,16,5,18,13,12
288,39457,18,15,6,19,2,10,3,14,25,9,24,1,4,13,12
289,39461,4,8,1,3,10,19,2,14,6,9,17,15,12,24,22
290,39464,17,9,13,2,23,14,11,20,22,7,6,12,1,21,5
291,39468,14,8,15,10,1,5,17,24,2,12,7,13,23,20,11
292,39471,21,3,24,7,17,5,2,11,13,9,22,12,25,16,8
293,39475,14,12,3,9,25,22,13,24,2,6,1,23,18,15,19
294,39478,11,16,24,4,20,2,1,5,7,3,8,12,15,23,25
295,39485,25,24,6,23,15,10,3,21,13,18,2,4,19,17,16
296,39489,16,18,14,6,22,11,15,19,2,25,7,3,12,8,17
297,39492,23,10,25,24,1,21,15,9,8,16,4,22,14,7,12
298,39496,1,6,7,16,4,24,21,8,13,3,11,15,14,12,22
299,39499,10,20,3,24,23,6,17,8,22,13,7,5,19,18,21
300,39503,7,21,9,4,11,23,19,17,3,12,8,25,20,15,22
301,39506,2,9,11,3,17,13,12,19,20,15,22,23,18,8,14
302,39510,18,20,9,6,11,25,2,16,15,14,4,22,12,10,5
303,39513,6,22,18,21,12,24,23,20,15,17,2,8,3,16,4
304,39517,1,15,22,16,14,4,18,17,12,21,20,25,5,3,19
305,39520,20,10,25,4,3,18,22,21,2,8,11,12,5,24,13
306,39524,25,5,13,4,2,8,20,1,11,16,18,12,14,15,19
307,39527,20,9,12,14,23,17,21,24,19,1,3,10,15,4,6
308,39531,23,1,21,16,24,19,5,25,12,13,22,4,18,2,15
309,39534,3,13,22,10,16,21,1,9,14,20,4,8,17,24,2
310,39538,11,14,21,10,3,24,18,19,9,15,23,16,5,2,17
311,39541,23,5,24,12,17,10,25,2,14,16,20,19,15,7,4
312,39545,22,8,9,18,2,17,10,19,1,16,25,11,13,12,6
313,39548,7,6,14,23,17,12,15,19,10,16,9,25,2,3,18
314,39552,21,5,11,1,8,19,2,22,9,20,6,12,14,13,15
315,39555,16,13,11,23,5,6,21,17,8,2,24,3,20,14,19
316,39560,8,19,6,14,4,3,24,23,1,13,12,15,10,18,7
317,39562,21,5,8,4,11,1,22,2,25,14,18,16,9,24,19
318,39566,11,21,12,14,6,4,16,15,13,25,5,3,18,23,9
319,39570,14,24,6,9,4,8,3,16,23,1,19,10,20,12,17
320,39573,19,15,12,17,11,18,1,25,3,22,9,21,14,6,23
321,39576,17,20,12,25,9,24,14,3,10,2,4,13,11,16,18
322,39580,1,12,13,2,16,23,3,7,5,20,17,18,15,24,21
323,39583,4,17,2,21,14,1,3,20,6,7,10,25,23,9,19
324,39587,21,10,2,23,8,1,24,16,6,4,7,12,9,3,20
325,39591,25,10,22,20,23,5,4,6,2,14,24,19,7,15,1
326,39594,25,7,24,6,15,13,12,10,1,18,8,11,4,17,2
327,39597,19,8,4,14,3,16,1,15,13,12,17,21,23,2,18
328,39601,13,2,25,23,19,11,12,22,18,24,4,5,3,15,21
329,39604,18,21,8,20,24,9,1,14,4,23,25,3,17,2,13
330,39608,15,19,24,25,2,12,14,5,9,22,23,1,18,17,6
331,39611,16,15,13,19,5,23,3,18,1,7,6,22,21,25,12
332,39615,3,2,11,21,20,12,6,5,19,7,23,24,14,10,25
333,39618,16,2,13,25,9,14,1,6,21,15,5,23,18,12,11
334,39622,17,8,13,15,11,22,21,6,1,2,18,23,25,7,16
335,39625,16,14,21,9,6,17,8,3,20,19,1,12,11,7,4
336,39629,10,15,16,11,3,25,1,14,19,5,22,2,17,6,8
337,39632,3,11,7,8,23,4,19,16,9,5,1,18,22,10,12
338,39636,16,4,7,19,9,3,5,21,20,15,25,17,6,14,12
339,39639,13,19,1,23,18,16,15,5,22,20,24,21,8,2,10
340,39643,14,4,19,2,8,21,20,25,11,10,6,9,5,22,3
341,39646,20,5,21,12,11,7,16,19,18,13,22,1,25,24,9
342,39650,8,3,11,25,23,12,21,15,1,4,20,13,16,19,22
343,39653,20,15,11,25,6,8,18,12,13,16,14,19,22,3,5
344,39657,11,16,9,20,25,24,5,3,12,10,15,13,4,21,6
345,39660,23,25,9,24,20,2,12,16,19,14,15,7,18,11,21
346,39664,14,10,23,5,12,6,8,17,24,18,15,2,1,21,3
347,39667,15,24,19,3,18,14,25,12,20,9,10,11,5,8,7
348,39671,14,8,20,19,12,25,1,7,18,24,2,17,5,22,21
349,39674,7,8,17,20,22,12,1,16,2,19,25,24,5,14,18
350,39678,23,9,1,14,13,7,15,4,25,22,12,8,6,2,3
351,39681,7,1,12,3,24,18,23,5,19,2,14,11,10,17,16
352,39685,3,1,15,13,6,20,17,24,19,2,12,22,4,9,18
353,39688,18,23,19,8,12,2,9,11,3,21,22,20,13,17,7
354,39692,23,22,9,10,8,19,17,12,1,2,18,21,4,16,7
355,39695,12,11,23,13,8,4,19,25,18,7,10,6,9,15,2
356,39699,13,10,2,24,5,16,15,11,14,19,9,4,25,22,20
357,39702,17,10,6,23,21,5,8,9,14,2,19,1,13,11,25
358,39706,25,16,17,11,14,18,12,23,24,4,15,2,10,6,9
359,39709,22,21,12,4,25,13,8,24,16,11,7,17,19,18,10
360,39713,5,17,18,2,11,8,4,19,20,1,3,24,9,23,7
361,39716,9,1,20,12,7,10,14,24,19,23,13,4,17,16,15
362,39720,10,23,4,13,22,6,3,18,1,2,24,12,5,7,17
363,39723,22,23,16,3,8,6,17,2,4,9,13,11,15,20,21
364,39727,2,9,6,15,19,21,12,11,7,20,22,13,24,3,4
365,39730,11,12,4,8,19,5,15,20,23,16,3,24,25,18,10
366,39734,23,6,22,11,15,21,13,5,8,3,17,9,20,18,25
367,39737,15,21,13,20,18,22,12,7,1,17,2,8,4,9,24
368,39741,6,13,22,5,2,3,24,14,11,21,20,15,19,17,4
369,39744,24,9,12,5,15,3,23,11,6,21,1,7,14,22,20
370,39748,14,17,11,3,7,12,19,4,9,10,16,23,6,25,8
371,39751,1,16,2,8,3,13,22,7,10,5,14,6,15,25,9
372,39755,19,12,23,10,24,14,16,6,22,25,17,13,3,4,5
373,39758,19,20,11,22,4,17,14,13,9,23,2,15,12,21,6
374,39762,21,3,25,24,16,9,6,18,20,23,13,12,22,2,1
375,39765,1,5,16,10,25,2,14,13,11,18,7,19,12,17,20
376,39769,12,24,3,14,8,20,16,10,18,22,13,21,25,15,2
377,39772,22,11,12,15,4,3,1,8,2,7,17,9,13,19,20
378,39776,24,2,25,13,16,14,6,23,12,4,15,21,3,22,19
379,39779,21,7,14,17,16,13,4,22,5,3,12,25,18,11,10
380,39783,8,7,14,9,25,6,23,10,4,17,18,22,3,11,2
381,39786,3,7,13,19,25,15,6,12,17,4,10,22,21,9,1
382,39790,10,15,11,3,24,8,12,2,4,14,22,21,7,9,16
383,39793,24,22,11,16,15,7,9,23,18,6,5,14,25,12,3
384,39797,17,19,13,22,7,11,25,4,1,15,18,3,21,10,20
385,39800,4,5,8,12,20,23,25,6,13,15,18,1,24,22,2
386,39804,23,15,11,21,19,3,7,6,9,1,18,20,25,2,4
387,39808,23,12,11,14,19,15,21,9,4,22,8,2,20,3,10
388,39811,1,7,21,15,16,9,11,6,10,20,5,17,3,18,2
389,39815,19,23,2,12,3,9,24,4,17,5,10,25,13,6,18
390,39818,12,25,21,5,7,22,19,2,20,13,14,10,11,15,24
391,39821,21,18,25,16,6,15,4,23,13,12,3,1,9,22,8
392,39825,1,23,2,18,20,3,17,21,11,25,15,10,4,14,12
393,39828,4,8,23,17,3,21,22,20,18,1,25,6,7,10,11
394,39832,6,14,12,13,2,22,16,20,18,7,24,21,8,23,5
395,39835,2,8,11,25,22,1,4,9,13,14,15,23,21,17,6
396,39839,3,2,9,1,5,10,15,13,22,7,6,24,20,18,11
397,39842,15,2,25,20,6,4,10,1,3,5,9,13,14,8,22
398,39846,13,22,10,3,9,16,12,20,5,7,18,4,21,2,8
399,39849,10,22,12,11,14,24,21,19,9,17,23,1,7,4,16
400,39853,12,20,23,24,15,1,9,22,10,19,17,14,16,21,5
401,39856,8,7,25,17,23,10,6,24,21,5,2,3,14,16,1
402,39860,9,6,21,22,20,1,11,7,8,23,2,4,25,24,16
403,39863,25,21,8,14,24,13,2,9,7,4,12,15,6,11,19
404,39870,21,8,14,1,6,13,20,11,18,16,24,25,22,5,10
405,39874,18,16,25,5,7,24,6,11,8,4,19,22,14,13,12
406,39877,16,9,5,1,2,8,24,4,22,21,11,7,10,17,23
407,39881,12,14,11,17,22,20,25,4,8,15,6,16,9,7,2
408,39884,20,1,14,12,18,3,21,22,11,4,2,10,15,23,19
409,39888,24,6,14,20,8,7,23,25,4,2,10,16,21,1,17
410,39891,5,17,1,4,8,15,19,18,7,10,25,9,14,13,11
411,39895,18,17,1,5,14,25,7,16,12,24,20,11,22,21,9
412,39898,18,20,21,12,4,11,3,22,19,17,25,10,9,8,16
413,39902,8,16,20,21,14,3,10,25,13,17,6,12,2,5,9
414,39905,3,16,19,15,6,5,20,11,18,25,21,10,8,2,9
415,39909,7,3,15,1,22,18,19,23,10,11,20,13,14,21,17
416,39912,13,20,6,19,23,25,15,5,18,22,24,1,2,7,16
417,39918,21,8,17,12,1,23,14,13,2,9,3,11,19,16,15
418,39919,5,19,20,22,11,9,14,8,10,12,24,25,13,18,23
419,39923,23,3,17,21,16,14,18,5,4,22,20,15,24,7,6
420,39926,22,11,3,19,9,5,4,24,10,25,12,18,8,7,6
421,39930,25,10,14,4,5,15,9,3,13,20,16,8,19,23,12
422,39933,25,7,22,3,8,18,14,17,1,23,4,12,13,6,2
423,39937,17,16,24,20,25,1,13,2,23,18,11,15,5,3,22
424,39940,6,11,13,24,10,1,15,18,25,16,9,3,17,14,19
425,39944,16,1,19,22,23,7,10,20,11,12,13,18,9,15,24
426,39947,6,15,16,24,19,11,25,3,5,10,4,18,2,22,8
427,39951,4,9,7,24,3,11,16,1,10,21,6,22,19,5,12
428,39954,13,17,4,14,1,20,18,24,23,11,22,15,19,3,21
429,39958,16,7,23,3,5,13,2,12,25,14,19,4,6,17,8
430,39961,5,14,2,20,15,7,25,13,22,6,4,23,9,11,3
431,39965,24,3,18,5,12,21,13,9,15,20,22,11,1,23,2
432,39968,10,15,13,6,21,12,2,17,7,20,3,23,4,19,24
433,39972,14,15,19,7,9,8,24,21,23,3,1,5,2,25,22
434,39976,21,12,3,15,17,11,13,16,4,9,23,6,25,24,18
435,39979,14,16,25,11,24,15,1,10,17,21,18,5,4,13,3
436,39982,20,3,15,25,7,23,4,6,21,19,13,10,14,18,22
437,39986,12,20,5,21,1,8,19,4,11,23,6,17,10,16,2
438,39989,21,18,7,23,13,8,9,1,15,17,11,24,22,25,4
439,39993,9,25,2,21,10,3,11,5,14,24,23,17,19,12,15
440,39996,12,1,14,19,3,13,15,21,5,22,25,24,16,8,9
441,40000,11,25,13,2,20,1,9,7,10,14,4,8,3,23,24
442,40003,22,6,12,23,8,5,18,25,14,15,17,24,9,13,7
443,40007,23,5,12,7,18,3,16,10,17,11,19,22,21,1,2
444,40010,2,7,22,18,19,20,25,3,21,1,15,6,10,14,24
445,40014,1,15,10,2,4,12,7,20,18,21,13,16,9,11,19
446,40017,1,8,4,15,6,11,14,16,24,5,19,21,10,23,2
447,40021,18,16,25,21,24,8,22,17,5,12,1,2,19,10,20
448,40024,10,17,20,5,12,23,1,6,15,13,24,3,14,9,11
449,40028,17,1,10,3,4,8,19,18,11,2,22,24,9,25,16
450,40031,24,22,11,14,5,9,16,7,4,21,23,18,17,25,6
451,40035,18,5,14,9,24,23,8,19,15,6,1,22,17,3,25
452,40038,18,14,20,9,17,24,12,19,25,10,11,1,6,8,7
453,40042,3,24,14,4,1,19,9,2,6,25,15,11,20,21,17
454,40045,12,6,4,24,20,17,22,19,25,3,13,11,15,7,14
455,40049,7,12,18,21,19,11,1,6,4,3,23,14,5,8,25
456,40052,23,12,14,4,11,24,25,9,13,17,3,10,1,18,21
457,40056,15,19,25,4,21,13,23,22,14,16,11,18,5,1,20
458,40059,22,6,13,9,4,20,3,15,8,5,2,7,18,16,11
459,40064,11,17,10,19,23,2,14,15,1,20,4,21,3,7,12
460,40066,4,9,10,1,19,15,23,11,22,17,16,12,14,6,3
461,40070,11,19,4,24,6,12,23,8,15,17,5,7,14,13,3
462,40073,18,3,7,23,17,24,21,1,8,14,5,22,16,2,12
463,40077,22,19,2,9,18,23,25,20,11,3,6,13,7,17,14
464,40080,5,25,17,2,8,21,1,23,22,16,24,19,20,10,11
465,40084,7,10,1,22,9,18,6,25,11,3,21,2,19,13,4
466,40087,6,12,17,8,20,14,10,19,25,2,22,11,7,18,21
467,40091,7,10,2,13,25,4,22,15,21,24,14,6,18,17,5
468,40094,15,9,18,17,5,13,2,6,10,21,25,3,24,22,12
469,40099,6,25,5,23,13,14,19,2,22,18,11,10,7,1,8
470,40101,20,6,7,18,22,23,13,5,15,4,1,8,3,11,10
471,40105,4,25,20,12,24,16,13,15,11,6,9,3,10,14,2
472,40108,13,6,11,2,12,1,14,7,20,8,4,17,18,15,5
473,40113,8,25,5,7,15,1,6,17,23,9,11,22,12,19,2
474,40115,3,11,10,23,16,17,21,15,12,2,5,9,1,18,24
475,40120,4,9,2,20,23,3,21,11,6,5,14,13,25,10,17
476,40122,6,1,13,5,10,7,24,17,9,19,16,15,14,25,11
477,40126,8,16,7,14,4,24,2,20,6,23,18,11,25,12,10
478,40129,11,2,22,9,10,13,24,23,7,12,5,16,25,3,18
479,40133,18,15,13,23,24,3,5,22,19,2,11,8,16,14,25
480,40136,22,7,6,24,11,8,9,12,4,25,19,18,5,17,15
481,40140,5,13,17,15,24,22,21,12,10,3,14,9,1,7,20
482,40143,25,17,15,2,21,8,10,9,22,12,6,23,7,19,16
483,40147,22,5,1,7,21,6,24,17,18,4,9,14,11,12,23
484,40150,8,4,16,20,23,14,6,13,1,11,9,17,21,10,25
485,40154,25,17,22,7,6,18,24,20,3,21,16,2,11,5,4
486,40157,4,15,13,20,19,2,22,9,7,5,11,3,18,1,21
487,40161,8,7,5,17,6,24,15,14,18,21,4,9,10,22,19
488,40164,8,7,5,13,24,14,6,20,17,15,25,22,18,12,11
489,40168,23,12,17,10,11,1,5,21,18,22,25,2,14,7,19
490,40171,10,21,12,23,17,5,13,16,14,8,22,6,18,3,11
491,40175,1,23,13,2,16,11,3,7,25,24,9,21,22,12,20
492,40178,15,3,11,1,12,8,24,6,2,4,14,21,19,25,18
493,40182,22,13,25,15,17,12,1,5,14,18,7,4,21,10,8
494,40185,12,4,7,3,20,13,5,18,8,19,16,15,21,22,2
495,40189,1,9,24,3,7,6,13,11,8,25,17,22,4,15,19
496,40192,19,11,21,22,17,14,5,16,7,9,24,13,15,4,3
497,40196,2,16,4,5,25,17,11,9,3,8,12,14,1,23,19
498,40199,11,14,20,5,16,2,23,13,22,4,15,1,6,25,18
499,40203,19,7,3,2,25,12,24,10,1,11,20,15,17,4,21
500,40206,25,16,2,5,13,21,23,8,18,6,14,3,10,20,9
501,40210,18,3,25,17,21,23,2,12,19,4,15,9,24,6,1
502,40213,23,2,10,5,19,13,4,3,16,1,6,8,24,11,18
503,40217,1,2,14,12,3,17,5,7,20,25,11,15,21,24,4
504,40220,16,15,20,10,17,13,18,14,9,21,12,19,1,23,6
505,40222,3,6,19,24,16,21,17,15,22,7,18,11,20,4,9
506,40227,21,20,19,4,11,9,15,12,6,16,24,17,22,5,13
507,40231,8,24,9,11,3,20,21,1,6,10,23,5,2,12,25
508,40234,14,15,19,8,5,2,7,9,3,25,6,16,24,18,23
509,40238,20,11,17,1,3,24,15,9,25,5,12,6,19,16,22
510,40241,23,3,21,4,20,7,6,13,25,1,22,10,11,12,2
511,40245,24,13,11,17,25,5,12,19,1,21,18,14,10,7,2
512,40249,9,2,12,15,16,5,24,6,21,7,1,4,10,8,13
513,40252,15,20,18,17,22,2,23,3,1,9,10,13,25,11,6
514,40255,1,7,24,25,8,11,22,17,9,12,15,5,6,18,21
515,40259,11,18,14,5,3,17,7,20,25,9,10,2,13,24,12
516,40262,8,7,23,11,21,4,20,6,18,5,14,24,12,2,13
517,40266,9,21,7,23,12,17,11,3,13,22,8,1,4,6,5
518,40269,19,13,11,20,14,17,24,10,5,16,12,6,4,7,22
519,40273,23,9,17,19,24,16,3,12,15,11,7,25,13,2,21
520,40276,15,12,24,10,14,4,18,6,5,22,20,9,2,23,19
521,40280,19,9,5,17,12,11,2,10,6,23,4,20,13,1,3
522,40283,16,25,11,6,19,22,23,4,2,21,7,9,17,18,24
523,40287,2,19,11,13,4,8,16,25,24,17,12,5,9,10,18
524,40290,3,11,7,22,5,2,17,23,20,24,12,6,14,10,21
525,40294,4,9,3,25,15,21,17,16,20,22,18,6,10,13,11
526,40297,4,8,24,12,7,10,1,15,2,25,9,11,16,19,14
527,40301,11,5,14,2,6,9,22,23,12,19,15,24,1,16,17
528,40304,6,23,10,4,12,15,7,24,11,25,2,19,3,21,8
529,40308,23,16,25,7,19,5,18,3,20,17,22,11,6,2,12
530,40311,11,16,10,3,8,23,14,9,18,4,7,6,12,21,22
531,40315,14,3,12,21,1,15,23,25,22,7,16,17,10,13,2
532,40318,24,7,2,9,15,6,16,5,19,12,1,11,22,4,13
533,40322,20,10,8,24,25,18,13,16,9,1,11,17,2,3,14
534,40325,3,24,2,22,5,18,7,1,19,8,12,21,11,13,15
535,40329,1,25,13,4,5,24,23,11,15,19,21,16,9,6,17
536,40333,3,19,16,4,20,11,17,9,15,22,23,5,25,24,7
537,40336,10,18,6,24,11,17,22,23,15,4,2,9,14,1,20
538,40339,12,16,6,18,10,24,19,20,13,17,11,25,21,5,2
539,40343,12,4,5,16,6,14,2,13,8,1,21,9,15,23,19
540,40346,13,11,12,7,18,16,9,22,15,24,19,20,2,6,8
541,40350,9,3,20,17,19,10,22,6,4,13,25,14,5,24,15
542,40353,18,13,8,2,4,17,22,10,24,5,9,16,1,3,20
543,40357,7,20,15,1,13,17,25,24,14,16,22,11,8,10,5
544,40360,18,19,9,21,5,8,7,4,2,14,15,13,11,24,23
545,40364,18,24,1,23,13,12,11,5,25,7,6,14,15,17,3
546,40367,5,17,10,4,9,13,3,19,18,12,21,8,11,2,23
547,40371,25,14,9,10,6,5,17,20,4,1,2,12,24,19,16
548,40374,20,23,6,13,9,14,3,4,1,2,7,25,5,8,17
549,40378,22,10,20,14,13,9,7,3,4,15,17,16,21,23,11
550,40381,16,22,14,13,11,1,9,21,17,6,10,5,18,20,7
551,40385,10,12,20,19,13,18,24,16,21,14,8,22,3,7,17
552,40388,1,24,22,4,8,13,17,20,6,10,25,12,3,5,23
553,40392,10,23,21,7,14,15,17,8,12,4,5,24,13,18,9
554,40395,13,3,22,4,25,20,19,6,9,24,21,17,2,14,1
555,40399,7,24,16,1,2,17,14,8,10,20,12,6,9,23,18
556,40402,8,11,18,20,25,1,4,9,22,23,14,13,16,17,24
557,40406,7,18,12,9,8,21,14,5,17,15,23,10,20,19,1
558,40409,14,7,25,5,24,4,20,17,21,3,18,22,12,10,1
559,40413,19,14,16,1,7,11,5,10,21,23,2,20,22,13,9
560,40416,1,4,18,21,23,25,12,24,10,19,9,20,2,14,17
561,40420,7,12,15,6,2,3,17,9,11,21,10,20,4,13,18
562,40423,3,22,16,8,13,14,24,5,18,21,20,1,7,19,2
563,40427,6,20,12,3,1,4,23,5,9,19,7,22,16,24,11
564,40430,9,19,3,14,24,12,15,21,17,23,7,4,1,20,2
565,40434,24,6,7,12,21,1,9,17,18,4,20,15,19,10,23
566,40437,5,20,16,4,1,9,7,17,3,14,15,21,11,19,10
567,40441,1,14,10,5,15,9,25,12,13,2,7,17,24,21,8
568,40444,15,16,4,9,13,6,1,20,5,18,17,7,8,21,2
569,40448,19,25,7,6,18,17,12,16,13,1,2,8,22,24,20
570,40451,20,10,18,21,14,5,2,1,15,12,22,23,4,19,3
571,40455,25,3,11,15,5,24,12,6,19,4,20,18,7,16,21
572,40458,21,5,15,13,16,9,22,10,19,14,6,17,8,2,24
573,40462,11,24,22,2,20,10,14,1,7,3,12,23,18,25,16
574,40465,6,19,20,16,18,25,14,12,22,1,21,11,13,23,5
575,40469,15,21,3,16,13,5,8,24,9,22,19,12,17,10,18
576,40472,15,21,25,6,12,10,8,13,18,16,19,17,9,23,11
577,40476,8,16,15,4,3,2,22,10,19,1,23,5,21,18,12
578,40479,10,8,21,19,22,6,16,4,23,7,15,12,1,14,13
579,40483,6,7,14,24,17,20,19,13,10,1,8,21,3,5,12
580,40486,6,21,13,12,8,7,16,10,9,25,1,4,17,14,24
581,40490,11,19,4,9,18,23,13,21,2,25,14,6,12,17,15
582,40493,12,8,18,17,25,23,3,10,7,19,21,9,15,13,11
583,40498,11,4,7,17,14,19,18,1,9,23,3,16,21,24,8
584,40500,7,21,23,14,6,10,2,5,11,19,22,20,8,3,15
585,40504,1,8,13,17,14,15,20,16,18,24,9,23,7,5,10
586,40507,25,7,12,4,24,18,11,17,6,3,19,22,8,16,2
587,40511,1,5,13,21,20,19,7,18,23,11,17,10,9,4,12
588,40514,25,17,4,14,5,11,18,19,23,12,24,1,7,13,20
589,40518,4,25,21,23,13,6,12,9,10,3,2,24,8,22,20
590,40521,9,20,15,6,16,19,11,3,1,13,10,21,4,18,14
591,40525,20,7,2,16,14,11,8,21,17,19,1,10,23,4,15
592,40528,19,16,18,22,20,5,8,17,1,9,3,14,15,6,10
593,40532,23,24,15,14,6,10,11,25,13,3,4,5,1,9,20
594,40535,11,2,23,18,25,20,7,14,13,16,9,6,15,3,10
595,40539,6,8,7,21,17,19,25,10,24,15,12,11,5,1,9
596,40542,11,19,8,10,25,22,20,12,17,7,23,9,3,18,2
597,40546,5,1,14,16,8,3,17,10,25,2,18,9,11,22,24
598,40549,5,14,3,19,1,7,12,18,22,25,11,21,15,4,20
599,40553,12,5,24,16,9,20,2,23,21,13,6,18,7,22,4
600,40556,9,11,25,17,16,18,10,19,5,6,8,22,1,23,3
601,40560,12,9,13,10,25,16,14,3,20,1,7,19,11,5,6
602,40563,9,18,25,12,5,7,10,1,8,6,11,2,23,22,13
603,40567,8,6,23,13,22,12,19,20,2,15,4,21,16,5,10
604,40570,15,1,7,25,9,12,13,18,14,2,24,22,6,19,20
605,40574,5,21,25,2,18,4,14,23,7,11,3,13,16,17,10
606,40577,3,25,14,16,6,2,18,8,22,12,24,10,7,23,15
607,40581,20,19,16,17,25,9,22,24,12,21,15,3,18,5,7
608,40584,19,13,10,18,25,23,1,14,8,3,16,7,5,2,17
609,40588,23,14,19,4,11,1,7,16,20,12,9,2,25,15,10
610,40591,10,22,2,16,13,1,25,21,14,7,15,4,6,8,12
611,40595,13,6,18,4,16,8,2,3,14,9,23,5,21,19,20
612,40598,9,23,2,15,3,10,25,7,18,1,19,6,17,13,16
613,40602,2,10,5,13,7,22,6,25,20,23,16,12,11,14,17
614,40605,16,1,18,6,22,5,12,9,7,11,20,19,17,23,13
615,40607,19,7,11,17,1,8,2,23,4,20,24,22,25,21,12
616,40612,9,6,16,15,1,22,2,25,21,18,10,17,24,12,19
617,40616,14,3,19,22,24,21,4,2,15,5,25,10,16,7,1
618,40619,2,22,4,12,9,1,20,7,19,6,5,21,24,17,13
619,40623,19,21,8,17,14,3,1,7,18,9,13,20,25,4,23
620,40626,10,16,18,21,14,7,6,12,20,1,5,11,15,22,19
621,40630,3,2,9,25,16,22,5,10,24,8,12,20,15,6,1
622,40633,3,13,17,5,7,11,10,15,6,9,2,4,21,18,12
623,40637,2,11,5,15,8,3,20,10,1,4,9,23,25,12,22
624,40640,24,18,5,7,4,21,2,20,12,11,17,1,9,6,16
625,40644,3,14,23,16,24,13,6,15,11,2,10,8,17,22,1
626,40647,9,2,11,7,24,8,19,5,17,13,1,3,23,21,4
627,40651,23,25,6,10,2,17,1,14,15,3,21,4,22,12,24
628,40653,19,10,13,7,8,18,2,25,9,4,22,15,3,11,23
629,40658,7,21,12,17,25,1,2,14,9,19,6,5,15,22,4
630,40661,6,22,20,13,2,17,18,7,24,12,1,14,25,4,23
631,40665,16,2,10,17,9,3,13,18,14,20,7,21,19,8,5
632,40668,24,10,13,6,16,25,11,21,8,22,17,14,1,20,4
633,40672,22,2,8,7,12,23,20,24,6,3,25,9,21,10,18
634,40675,21,9,15,20,5,22,3,19,12,4,10,18,2,11,14
635,40679,1,4,11,19,5,8,18,9,24,7,13,6,20,22,12
636,40682,3,1,4,13,6,21,19,20,25,12,10,16,23,14,2
637,40686,18,2,9,7,25,19,22,13,6,4,20,23,16,17,21
638,40689,2,3,18,4,21,24,14,13,19,9,11,1,16,23,25
639,40693,21,22,12,4,10,8,6,19,2,16,9,20,1,5,24
640,40696,1,16,9,21,14,3,18,4,22,5,23,20,11,19,13
641,40700,11,2,18,19,24,16,9,21,22,6,13,3,7,8,20
642,40703,18,13,8,10,12,25,2,5,21,20,1,4,11,19,22
643,40707,24,10,19,8,16,13,2,9,17,7,21,22,4,23,1
644,40710,12,9,6,21,7,5,18,24,8,13,15,14,3,2,22
645,40714,25,19,23,21,4,11,16,20,9,22,10,8,13,18,5
646,40718,1,17,23,6,25,15,5,3,9,21,18,19,14,10,20
647,40721,19,9,14,20,22,18,6,23,4,8,11,7,17,13,25
648,40724,20,8,9,22,13,19,2,21,6,10,15,16,4,11,18
649,40728,1,14,2,11,17,24,9,8,6,21,15,4,5,10,22
650,40731,16,19,24,1,25,14,13,23,8,3,20,10,21,17,7
651,40735,13,5,15,10,14,25,18,6,4,20,1,24,8,17,19
652,40738,17,7,2,21,20,13,19,5,9,16,11,14,10,23,18
653,40742,16,3,20,1,19,17,22,13,12,23,14,21,7,8,2
654,40745,25,20,12,13,16,3,7,19,22,17,14,1,2,18,23
655,40749,20,13,21,19,11,25,5,14,8,2,15,7,24,10,23
656,40752,3,18,8,14,15,5,22,9,20,7,25,11,23,2,13
657,40756,13,25,19,17,8,23,5,15,2,10,4,6,24,12,3
658,40759,6,4,17,7,23,24,14,25,9,21,11,15,1,5,10
659,40763,23,3,8,12,10,24,6,9,20,1,15,11,4,5,19
660,40766,17,5,15,16,4,9,3,7,6,12,19,24,14,8,25
661,40770,1,7,20,22,3,15,24,6,23,17,10,19,18,11,12
662,40773,7,14,13,2,8,15,1,9,6,3,19,16,22,11,20
663,40777,13,4,21,19,2,6,24,17,9,16,22,5,23,11,7
664,40780,18,15,1,23,24,20,7,21,13,3,10,16,4,17,14
665,40784,21,3,13,2,17,7,15,22,24,14,20,6,18,12,25
666,40787,12,24,11,6,7,14,4,16,1,25,2,18,15,20,21
667,40791,13,15,10,4,17,25,8,6,24,3,20,19,21,18,5
668,40794,11,25,15,1,13,9,20,24,23,10,17,7,12,16,2
669,40799,15,16,25,19,2,23,4,5,22,6,18,17,12,13,24
670,40801,1,18,21,20,14,7,25,10,22,15,8,12,23,17,13
671,40805,10,9,18,20,8,13,5,19,12,11,7,4,14,22,24
672,40808,11,21,24,19,4,10,15,1,9,2,6,17,23,12,25
673,40812,2,17,4,15,10,13,11,9,12,14,20,8,5,19,7
674,40815,10,3,14,11,23,2,16,22,20,24,18,19,25,15,8
675,40819,13,7,5,2,11,22,23,15,4,17,24,14,3,10,16
676,40822,25,15,19,24,6,12,21,16,5,8,13,4,10,2,20
677,40826,16,12,2,19,25,10,6,1,13,7,5,8,15,23,11
678,40829,23,2,19,18,3,15,20,12,9,5,21,7,10,25,24
679,40833,22,11,10,17,15,14,20,2,21,13,19,8,12,7,18
680,40836,3,6,8,9,19,13,21,4,18,12,20,7,22,16,14
681,40840,4,18,6,14,15,16,23,11,19,2,8,7,3,10,12
682,40843,4,18,22,24,19,25,14,2,1,17,5,11,8,7,6
683,40847,8,15,6,12,9,5,1,4,13,23,10,24,2,7,11
684,40850,4,8,22,25,1,13,24,20,14,21,11,12,5,10,16
685,40854,20,22,1,25,15,4,12,23,3,21,9,19,13,17,24
686,40857,20,1,6,12,3,24,16,4,13,19,7,10,22,25,23
687,40861,18,19,13,20,23,1,6,3,24,15,12,25,4,2,9
688,40864,21,23,7,1,4,14,3,19,2,24,9,12,22,16,11
689,40868,11,23,13,8,17,7,4,24,2,3,12,5,15,22,6
690,40871,3,15,24,12,20,1,10,14,25,13,9,2,18,19,11
691,40875,22,1,20,6,7,17,9,8,23,3,18,11,19,13,2
692,40878,4,22,17,12,10,11,24,23,18,2,6,19,1,7,21
693,40882,6,14,17,7,1,4,2,11,9,22,19,3,10,16,21
694,40885,3,16,15,11,10,6,21,8,14,1,9,24,19,18,20
695,40889,24,22,13,3,5,21,17,18,19,20,4,11,2,25,14
696,40892,5,20,15,4,9,7,22,13,24,16,11,21,1,10,14
697,40896,3,7,24,19,8,1,11,23,22,14,16,15,2,25,18
698,40899,4,6,12,22,7,21,20,9,15,3,14,24,10,18,2
699,40903,22,18,3,8,4,21,19,6,2,25,23,10,9,16,15
700,40906,10,21,25,1,22,18,13,2,16,6,7,14,8,19,9
701,40910,17,4,20,21,16,10,19,13,12,3,22,23,25,14,8
702,40913,4,14,25,8,23,5,13,3,1,10,2,7,20,6,9
703,40917,8,24,15,23,2,18,11,21,25,20,17,14,22,5,10
704,40920,15,17,8,16,11,24,14,22,5,23,2,13,6,3,10
705,40924,15,21,22,20,12,9,6,14,11,25,7,8,16,3,4
706,40927,22,18,21,16,8,1,25,12,19,24,3,13,6,2,4
707,40931,25,8,11,20,16,7,3,24,17,12,21,15,14,4,6
708,40934,1,19,14,6,2,16,21,3,24,5,11,25,4,9,22
709,40938,6,8,20,12,11,7,14,18,3,1,22,15,16,19,23
710,40941,19,3,17,14,20,25,21,6,4,18,15,12,24,2,22
711,40945,2,12,18,21,6,4,1,24,10,22,16,5,15,7,13
712,40947,9,4,20,18,17,16,8,15,22,21,23,12,1,25,14
713,40949,23,11,22,6,2,13,15,21,25,5,14,3,19,4,24
714,40952,13,17,7,19,6,10,21,12,15,14,4,11,8,9,22
715,40954,8,15,24,5,20,18,3,25,13,11,22,1,23,10,14
716,40956,21,23,11,18,7,3,12,16,8,20,14,15,25,1,5
717,40961,5,9,18,21,23,2,1,14,11,8,7,20,16,3,25
718,40963,22,19,3,14,4,24,9,13,21,11,23,25,7,15,17
719,40966,18,11,22,24,10,2,15,16,9,23,13,25,8,7,19
720,40969,4,9,17,16,12,24,7,23,13,18,10,20,11,25,21
721,40970,5,21,15,14,3,9,12,7,19,10,11,8,4,2,1
722,40973,7,1,23,19,6,8,5,20,3,14,10,17,24,13,16
723,40975,3,14,9,8,20,11,4,5,7,15,24,2,12,10,18
724,40977,7,6,20,12,23,14,18,10,19,1,25,3,24,15,5
725,40980,5,17,13,1,21,16,15,24,7,6,18,10,9,25,12
726,40982,10,16,20,25,21,7,13,11,24,2,15,4,9,1,14
727,40984,25,8,23,3,24,16,11,20,6,21,9,18,22,7,4
728,40987,13,23,11,7,25,16,6,20,10,19,8,22,21,3,4
729,40989,10,2,14,12,9,22,6,3,25,15,23,17,1,7,4
730,40991,22,24,21,19,4,1,20,12,18,16,8,11,3,14,25
731,40994,4,7,18,8,6,21,24,14,22,17,3,12,15,19,11
732,40996,25,14,1,11,13,24,20,8,23,9,10,4,22,17,21
733,40998,8,18,11,14,4,22,1,16,24,20,7,5,12,6,19
734,41001,24,15,2,3,19,20,23,8,9,21,13,17,6,18,10
735,41003,8,20,22,5,11,24,13,21,19,14,12,25,17,10,6
736,41006,4,10,2,17,13,15,21,9,3,23,8,16,6,19,5
737,41008,3,7,18,4,16,25,5,10,22,2,12,6,17,14,8
738,41010,25,23,13,6,14,11,16,18,9,7,2,24,19,20,12
739,41012,11,25,14,2,22,20,8,9,10,17,3,21,4,23,24
740,41015,10,21,11,13,24,9,5,22,4,1,19,12,25,14,23
741,41017,18,3,14,12,24,5,21,11,2,7,17,13,10,25,16
742,41019,23,20,1,7,6,5,14,21,8,11,3,15,13,9,19
743,41022,12,11,3,10,2,24,14,17,1,15,21,6,9,22,23
744,41024,9,3,4,12,10,13,6,16,11,1,19,23,7,15,24
745,41026,7,1,17,12,16,24,8,9,3,6,11,20,22,25,13
746,41029,16,18,9,8,25,17,10,24,2,20,21,19,4,3,5
747,41031,24,4,10,23,12,15,7,20,2,13,6,16,17,1,3
748,41033,4,18,23,17,9,15,5,6,10,12,21,20,8,3,1
749,41036,24,2,7,8,18,11,6,22,14,13,1,4,19,15,3
750,41038,9,3,2,20,25,4,13,7,10,19,5,21,11,15,24
751,41040,14,17,20,23,13,12,6,3,9,16,22,5,8,19,21
752,41043,13,6,24,21,19,14,16,8,12,1,25,4,18,7,5
753,41045,7,3,11,1,22,8,5,13,21,14,6,4,17,25,20
754,41047,1,19,5,16,4,20,15,18,24,7,23,22,17,13,25
755,41050,14,24,3,5,25,11,17,2,7,8,13,1,10,16,12
756,41052,15,17,3,20,14,13,8,25,5,6,10,16,22,7,23
757,41054,4,10,11,1,21,20,9,14,17,18,3,23,8,13,15
758,41057,15,18,24,4,5,6,17,16,11,2,20,12,1,25,23
759,41059,20,23,8,16,25,7,5,17,15,18,24,19,2,9,10
760,41061,11,24,2,15,9,25,3,12,13,10,7,1,23,16,17
761,41064,15,11,4,6,1,19,16,13,20,14,12,24,5,10,22
762,41066,7,11,21,13,22,2,1,10,17,3,9,12,5,6,14
763,41068,18,16,21,1,14,25,13,3,6,7,24,4,2,17,22
764,41071,25,4,1,8,23,17,19,3,24,9,11,14,6,16,12
765,41073,14,23,13,25,12,1,2,18,3,9,20,10,7,24,8
766,41075,24,25,12,9,21,15,7,5,16,3,6,14,13,1,18
767,41078,1,11,15,12,5,8,22,24,17,19,23,4,3,7,10
768,41080,11,3,23,19,25,15,6,12,17,20,14,24,5,1,13
769,41082,5,11,4,23,22,16,15,25,7,13,17,10,3,19,20
770,41085,17,12,4,24,1,3,18,6,25,11,22,16,5,9,21
771,41087,20,7,22,25,2,4,6,9,5,23,8,14,17,10,16
772,41089,16,2,12,20,7,6,9,25,15,8,11,24,10,4,23
773,41092,6,18,20,15,8,17,7,10,2,25,22,11,13,24,5
774,41094,19,11,14,6,1,15,18,12,3,8,22,9,4,5,25
775,41096,6,17,12,2,18,10,20,3,16,13,19,8,7,14,9
776,41099,10,24,22,14,2,18,13,4,23,12,1,11,20,3,19
777,41101,21,15,9,25,2,11,14,12,24,3,6,13,20,23,16
778,41103,11,15,20,10,6,9,7,19,24,2,13,25,16,5,22
779,41106,16,20,19,21,14,23,5,13,8,9,22,12,4,17,11
780,41108,21,20,15,8,13,17,16,3,19,24,6,7,18,25,10
781,41110,11,1,2,22,10,25,9,15,4,19,16,8,14,20,17
782,41113,18,13,5,14,20,12,10,17,21,15,19,16,11,9,8
783,41115,20,16,1,8,19,7,2,5,6,13,24,15,22,11,21
784,41117,1,12,2,20,23,13,15,4,21,11,3,7,22,18,25
785,41120,12,11,13,1,17,10,23,15,6,7,4,19,16,21,2
786,41122,21,15,23,24,5,11,8,25,6,10,17,2,4,13,12
787,41124,8,4,10,12,16,1,5,14,9,20,17,19,13,11,23
788,41127,3,12,4,11,24,9,1,22,16,21,25,19,23,8,10
789,41129,18,12,15,3,22,14,8,19,11,2,24,10,21,4,16
790,41131,8,3,7,12,16,10,19,23,18,20,22,13,25,24,6
791,41134,11,8,1,7,2,23,14,22,3,10,21,25,6,13,5
792,41136,20,12,25,14,8,19,21,9,2,3,1,23,6,10,18
793,41138,17,5,20,16,14,23,11,21,2,12,9,4,25,7,18
794,41141,2,15,14,9,3,23,5,24,4,8,20,1,25,6,11
795,41143,9,10,1,3,7,12,8,24,21,14,4,6,2,16,22
796,41145,18,24,11,14,6,21,8,4,10,20,2,16,7,17,3
797,41148,8,7,24,19,2,20,21,11,17,18,3,15,5,25,6
798,41150,16,18,13,24,19,23,22,10,6,8,1,5,11,3,15
799,41152,22,3,11,15,14,21,23,24,16,6,19,25,8,13,4
800,41158,16,13,10,22,12,7,9,6,8,11,4,24,3,21,20
801,41162,25,3,17,1,6,23,21,10,12,7,19,4,18,15,5
802,41164,22,4,9,13,21,14,5,3,10,12,18,8,20,1,25
803,41166,16,25,20,1,17,24,18,14,5,4,19,23,15,12,21
804,41169,1,13,7,23,24,6,3,20,18,17,5,4,21,8,15
805,41171,17,6,11,25,1,16,24,13,14,20,2,4,9,22,7
806,41173,14,25,10,5,3,15,1,20,2,16,24,19,8,7,6
807,41176,19,7,22,25,8,24,11,13,10,21,18,5,4,3,2
808,41178,18,6,17,10,16,24,12,22,4,11,21,14,7,20,25
809,41180,5,2,21,18,1,25,13,16,24,7,9,23,22,19,4
810,41183,6,3,23,15,22,1,24,16,18,12,17,7,21,9,11
811,41185,4,2,17,20,12,3,7,14,19,10,1,5,22,9,6
812,41187,18,1,5,14,20,8,17,24,3,19,11,21,23,7,25
813,41190,3,8,23,1,16,21,10,12,7,5,19,4,24,25,6
814,41192,11,12,4,8,17,21,10,24,13,20,19,3,14,22,23
815,41195,10,20,14,25,8,11,18,7,17,15,22,6,21,23,24
816,41197,13,17,5,25,19,12,8,15,2,3,23,10,16,9,11
817,41199,10,23,8,4,25,12,17,24,11,20,18,2,3,5,1
818,41201,8,24,22,11,5,14,16,23,10,19,25,6,4,20,13
819,41204,12,22,8,6,18,5,3,21,20,19,4,7,9,11,10
820,41206,3,8,22,9,2,1,7,24,6,16,5,13,23,15,10
821,41208,25,17,24,7,10,11,3,9,12,21,5,16,23,14,4
822,41211,3,15,22,11,24,2,14,18,12,5,19,17,21,16,23
823,41213,2,5,12,16,20,24,22,9,25,11,13,19,4,1,14
824,41216,22,4,3,7,19,21,24,14,20,11,15,25,13,2,12
825,41218,14,22,13,25,23,7,1,15,9,11,17,8,6,10,19
826,41220,16,5,20,19,3,23,24,6,14,18,13,12,21,15,17
827,41222,4,1,10,17,5,16,12,2,9,22,7,14,21,24,13
828,41225,19,9,15,8,23,17,25,14,6,7,20,12,24,22,1
829,41227,8,22,5,14,16,9,23,11,7,2,13,25,24,18,17
830,41229,10,11,1,19,14,23,21,9,6,16,4,12,24,17,13
831,41232,18,2,1,14,22,11,17,5,9,10,3,12,20,21,16
832,41234,19,15,6,12,24,10,2,16,8,22,7,25,11,5,23
833,41236,11,16,12,2,5,17,6,25,22,19,10,7,20,18,13
834,41239,10,14,23,19,22,4,2,18,7,21,9,16,8,11,20
835,41241,2,15,19,18,14,25,8,4,17,6,12,21,16,1,24
836,41243,9,18,12,15,4,10,14,21,20,16,25,8,7,22,2
837,41246,16,10,15,22,13,12,7,3,11,8,1,18,24,14,20
838,41248,9,15,18,10,23,20,14,21,16,4,2,24,5,11,7
839,41250,21,19,6,3,22,7,16,17,25,24,13,2,8,14,4
840,41253,13,21,20,4,19,6,18,17,25,9,11,22,2,23,12
841,41255,21,24,13,5,10,14,3,12,17,20,6,16,1,8,15
842,41257,10,3,15,13,20,19,5,18,14,4,7,22,11,21,24
843,41260,16,20,7,24,15,22,19,21,12,13,3,4,17,11,8
844,41262,25,24,8,17,22,12,19,1,3,15,10,16,5,9,7
845,41264,12,7,2,4,25,23,21,18,11,22,19,16,14,24,6
846,41267,9,10,24,20,15,23,14,1,21,11,6,4,19,13,25
847,41269,17,11,21,7,9,18,14,13,20,1,6,25,10,3,5
848,41271,2,25,24,9,23,18,21,5,19,16,3,13,14,8,17
849,41274,14,4,25,5,17,12,23,10,20,15,24,16,1,18,13
850,41276,23,20,2,14,18,13,3,7,24,10,19,21,8,5,22
851,41278,20,4,1,5,10,22,17,18,24,6,14,15,13,7,19
852,41281,25,4,21,5,23,1,11,20,2,12,16,18,24,3,8
853,41283,21,6,19,12,20,23,18,2,11,5,3,17,9,8,22
854,41285,14,10,18,17,15,1,13,8,21,5,3,2,9,22,20
855,41288,8,1,9,14,18,17,23,3,13,4,10,11,25,24,15
856,41290,13,22,3,7,9,12,20,2,25,8,23,19,15,11,16
857,41292,13,15,18,20,8,3,14,11,21,1,4,16,6,24,19
858,41295,4,22,23,20,5,3,9,11,12,25,6,19,1,17,8
859,41297,4,2,10,5,19,13,18,17,14,9,6,11,20,1,3
860,41299,19,25,7,16,14,3,6,15,4,24,10,13,22,5,9
861,41302,19,2,4,17,11,23,6,14,1,10,15,7,22,3,9
862,41304,20,3,14,19,23,1,4,13,17,15,18,2,10,24,5
863,41306,1,19,3,18,24,4,23,16,15,22,8,17,7,13,25
864,41309,15,3,18,17,23,13,10,19,8,16,22,12,6,24,21
865,41311,10,22,1,13,5,19,21,7,25,4,6,3,23,20,18
866,41313,24,14,5,10,23,20,9,13,2,11,18,7,1,3,8
867,41318,7,6,8,3,13,21,14,10,25,2,15,22,12,5,4
868,41320,8,3,21,12,16,10,19,9,14,1,22,24,2,17,13
869,41323,9,25,22,1,24,12,14,10,20,3,11,23,6,18,21
870,41325,7,13,18,12,14,17,1,8,23,10,5,6,4,16,2
871,41327,4,23,9,13,17,6,8,24,14,10,22,19,2,15,12
872,41330,7,2,5,22,12,1,23,18,4,17,6,13,10,14,9
873,41332,7,6,11,9,15,14,17,25,13,12,8,18,3,2,22
874,41334,16,23,8,1,7,20,4,10,5,21,19,2,25,9,6
875,41337,4,9,21,24,12,15,13,22,6,23,25,10,2,8,18
876,41339,6,14,9,21,20,16,18,13,7,5,24,25,3,12,23
877,41341,23,10,16,11,19,3,15,14,25,18,21,7,8,9,13
878,41344,22,19,7,25,6,2,23,3,13,10,14,1,5,16,12
879,41346,9,2,25,13,4,18,22,3,15,12,16,24,7,10,21
880,41348,8,14,2,5,19,22,25,6,18,10,21,24,7,16,23
881,41351,21,4,8,1,7,3,20,23,16,19,6,15,5,22,9
882,41353,10,2,12,19,7,17,22,25,14,13,18,24,11,8,1
883,41355,22,21,6,12,8,18,3,17,25,19,10,5,7,16,9
884,41358,17,10,12,21,25,19,9,8,13,4,15,7,18,20,1
885,41360,7,19,23,17,8,16,2,18,9,11,22,24,12,5,15
886,41363,15,21,12,13,1,8,23,16,20,4,3,10,11,17,7
887,41365,15,10,8,6,1,21,25,19,11,12,24,18,17,23,20
888,41367,13,20,12,22,6,11,1,18,17,19,14,24,16,3,21
889,41369,5,7,19,2,6,25,12,9,4,21,13,22,16,11,18
890,41372,3,7,1,11,23,6,17,19,24,4,2,18,8,5,16
891,41374,5,24,17,23,8,16,19,15,7,25,14,12,6,1,21
892,41376,6,24,13,3,14,2,19,10,16,20,17,21,22,1,5
893,41379,8,23,22,6,3,2,5,24,16,9,11,4,1,15,20
894,41381,21,2,18,15,22,6,9,13,12,19,24,25,14,5,1
895,41383,25,13,18,17,21,2,5,16,8,12,6,11,3,19,4
896,41386,8,13,15,1,2,7,12,20,18,4,17,19,3,6,23
897,41388,23,21,9,16,1,11,8,13,10,2,17,14,7,5,18
898,41390,14,1,24,20,10,11,4,18,12,8,9,21,6,13,25
899,41393,21,9,20,25,4,10,23,7,15,16,1,14,17,18,12
900,41397,2,11,7,20,6,25,15,1,13,8,22,10,24,18,12
901,41400,22,1,7,6,24,10,16,23,4,13,18,12,14,25,2
902,41402,24,2,11,4,8,17,5,25,9,1,6,3,20,21,23
903,41404,6,20,5,16,8,18,10,2,15,11,13,3,4,1,22
904,41407,10,17,16,18,20,22,13,24,7,19,6,9,1,12,5
905,41409,6,14,20,16,4,11,12,21,1,22,8,23,17,10,13
906,41411,5,3,7,10,8,12,22,6,24,1,17,21,18,2,9
907,41414,14,4,8,23,5,3,21,13,2,7,20,16,15,22,10
908,41416,1,15,4,10,12,23,17,13,25,2,18,6,24,9,7
909,41418,1,8,6,18,3,12,20,13,21,11,7,10,2,22,5
910,41421,5,11,17,8,6,24,25,20,16,18,3,19,4,13,9
911,41423,24,2,17,5,11,21,6,22,25,15,23,3,8,1,13
912,41425,17,14,20,23,15,22,16,4,18,7,21,2,10,3,19
913,41428,25,22,20,10,19,24,13,5,18,12,6,17,4,15,3
914,41430,5,4,22,12,24,3,1,11,23,18,17,15,6,10,20
915,41432,11,20,24,2,10,4,13,5,23,25,8,22,18,1,6
916,41435,6,24,17,5,19,4,13,18,3,23,7,1,2,14,11
917,41437,3,21,1,5,4,14,11,20,19,6,13,22,24,2,17
918,41439,1,23,8,9,4,22,21,3,2,13,6,16,17,14,15
919,41442,5,13,4,21,14,11,3,1,22,7,17,9,19,2,10
920,41444,19,2,5,4,1,3,23,10,6,16,20,15,13,12,22
921,41446,18,4,3,16,17,15,2,25,24,21,9,7,12,1,19
922,41449,23,2,17,21,8,12,4,9,5,20,6,22,16,24,15
923,41451,14,15,1,7,4,19,22,12,5,6,10,20,24,25,3
924,41453,16,8,17,2,20,7,6,12,18,1,10,19,14,24,9
925,41456,12,3,16,23,7,25,22,1,4,6,24,14,13,9,15
926,41458,14,1,11,19,15,5,13,24,9,12,7,6,10,8,21
927,41460,23,22,2,5,9,6,3,14,13,21,16,17,11,20,25
928,41463,11,14,1,9,19,4,12,24,6,8,10,25,17,15,23
929,41465,23,2,18,25,14,1,21,11,9,8,20,7,4,5,10
930,41467,9,20,24,2,11,14,15,16,5,25,6,12,22,23,3
931,41470,20,19,16,5,8,3,25,14,12,10,22,11,2,6,24
932,41472,16,18,4,8,12,13,20,14,1,25,21,5,23,15,22
933,41474,14,17,19,15,7,5,11,24,23,2,16,4,10,6,3
934,41477,22,24,21,8,20,3,23,4,14,25,11,9,2,10,19
935,41479,7,22,19,18,3,4,1,2,10,14,23,5,6,12,9
936,41481,7,4,1,8,18,25,2,15,3,13,6,17,20,19,23
937,41484,23,2,20,14,25,19,6,9,1,11,13,24,10,16,12
938,41486,19,6,7,17,20,15,11,25,13,16,18,3,4,10,2
939,41488,11,21,25,1,7,5,20,9,10,18,16,6,4,19,15
940,41491,25,14,18,24,4,17,3,2,9,20,19,16,13,7,6
941,41493,11,25,16,3,15,18,4,5,2,9,10,7,1,8,23
942,41495,13,18,5,1,21,6,4,24,11,22,12,3,7,19,20
943,41498,5,18,14,13,12,10,23,3,6,9,15,21,17,4,22
944,41500,16,9,21,8,10,12,11,24,19,1,14,13,25,17,18
945,41502,13,4,21,2,9,20,3,19,24,6,18,23,11,25,5
946,41505,1,22,10,24,14,20,21,16,7,19,25,18,9,8,17
947,41507,3,9,7,16,22,18,10,1,11,12,5,24,15,2,20
948,41509,18,2,5,16,21,6,11,9,13,1,19,24,22,8,17
949,41512,10,17,11,23,8,15,12,6,13,9,14,7,1,21,16
950,41514,25,12,20,5,21,17,9,8,4,14,13,2,18,7,19
951,41516,21,7,25,19,10,17,14,9,15,3,22,8,13,20,23
952,41524,12,3,18,17,6,4,8,11,14,23,19,21,25,22,1
953,41526,1,9,13,12,21,16,10,7,24,15,14,18,5,2,6
954,41528,11,14,25,23,6,20,13,8,24,3,16,18,12,10,5
955,41530,4,5,16,7,24,11,1,12,21,14,2,9,13,18,10
956,41533,5,6,16,13,2,12,17,22,8,4,21,11,18,3,19
957,41535,24,15,22,5,8,6,1,23,16,25,13,21,4,7,3
958,41537,19,14,24,4,6,20,5,1,9,17,21,16,12,13,22
959,41540,9,19,25,5,12,24,16,20,11,2,22,21,14,23,6
960,41542,16,14,1,6,7,2,24,17,10,4,20,21,12,18,3
961,41544,1,4,18,20,7,12,22,2,11,15,25,21,5,9,3
962,41547,15,1,6,25,14,13,23,21,22,4,17,20,8,9,11
963,41549,11,23,15,14,7,3,19,18,9,16,17,6,4,10,24
964,41551,2,23,4,9,15,1,20,3,10,19,11,7,18,17,21
965,41554,13,18,14,24,19,15,10,22,21,8,16,3,4,11,9
966,41556,4,11,6,21,7,5,12,3,10,17,2,8,25,19,22
967,41558,17,4,25,16,22,11,23,21,2,10,20,8,6,9,3
968,41561,11,7,9,20,19,5,3,4,2,18,14,16,21,13,25
969,41563,16,17,20,18,5,1,4,12,24,3,10,22,19,11,9
970,41565,15,18,6,9,1,17,8,12,19,20,3,21,10,23,24
971,41568,22,24,4,9,7,10,5,20,11,6,18,21,3,23,25
972,41570,22,1,13,15,8,23,25,20,21,11,3,6,16,14,24
973,41572,22,14,6,3,1,24,5,11,8,25,2,20,15,21,18
974,41575,1,21,12,22,6,4,14,10,9,7,19,8,17,15,24
975,41577,11,12,6,10,16,19,2,20,4,1,17,24,14,13,7
976,41579,19,13,25,14,6,2,10,1,23,21,24,7,3,11,4
977,41582,22,1,2,14,11,17,10,7,23,18,13,20,24,8,6
978,41584,13,18,4,11,15,3,16,7,14,5,9,25,12,8,6
979,41586,6,16,9,19,25,23,22,2,21,24,5,10,7,8,14
980,41589,12,22,9,24,20,11,7,10,21,2,6,8,17,13,1
981,41591,22,24,16,6,9,2,4,18,19,1,25,8,3,12,21
982,41594,14,5,23,3,4,21,9,7,1,13,17,18,6,24,20
983,41596,14,8,15,2,10,7,4,18,19,25,5,21,16,11,6
984,41598,25,15,13,4,2,9,24,12,23,10,22,8,11,20,21
985,41600,3,21,9,13,24,6,4,17,12,7,22,14,18,23,25
986,41603,2,14,7,13,1,11,22,21,23,20,15,5,16,24,18
987,41605,22,15,2,20,4,12,9,19,7,13,6,5,18,11,23
988,41607,15,3,20,9,13,7,17,11,1,24,25,5,12,16,19
989,41610,13,15,4,22,10,9,8,19,14,3,24,17,18,6,23
990,41612,7,8,13,19,20,6,24,22,10,11,12,16,15,5,1
991,41614,14,7,9,2,6,22,21,24,17,1,15,12,25,5,18
992,41617,5,17,8,24,20,15,11,13,9,3,19,1,7,4,10
993,41619,7,5,12,17,20,4,2,25,24,9,14,21,10,23,22
994,41621,25,23,12,18,8,15,5,11,16,9,3,22,13,7,14
995,41624,14,2,23,9,20,12,13,8,7,3,22,17,4,24,1
996,41626,20,18,21,9,24,2,17,4,16,6,3,13,25,7,23
997,41628,2,24,22,4,18,7,15,10,19,5,12,23,16,17,9
998,41631,19,1,5,3,22,2,14,12,9,20,11,17,21,23,4
999,41635,6,2,14,16,24,15,18,10,1,13,21,8,12,5,7
1000,41638,13,16,11,14,4,18,22,3,8,17,20,12,15,19,2
1001,41642,23,8,6,17,14,25,21,13,12,10,19,11,5,20,7
1002,41645,22,18,17,8,12,4,24,21,15,20,14,3,13,16,10
1003,41648,1,12,25,3,21,16,10,20,14,17,19,8,2,23,6
1004,41649,12,21,10,3,6,22,15,18,25,19,14,20,2,1,24
1005,41652,21,9,18,20,10,1,14,22,12,19,24,15,16,5,7
1006,41654,4,7,6,5,15,22,13,3,16,23,1,24,20,14,9
1007,41656,24,6,2,20,11,25,9,3,12,7,22,1,23,10,18
1008,41659,19,12,13,7,6,18,3,16,10,8,22,17,9,1,21
1009,41661,9,6,4,12,18,11,24,2,10,20,17,14,22,19,15
1010,41663,11,4,21,8,14,10,1,2,15,19,13,23,6,16,22
1011,41666,4,19,9,25,18,10,17,7,23,3,24,15,1,13,5
1012,41668,16,17,1,25,7,15,12,24,18,9,11,21,14,2,22
1013,41670,7,18,1,4,20,17,3,19,11,21,13,23,10,2,5
1014,41673,13,24,14,10,25,9,2,8,1,18,12,23,17,22,20
1015,41675,3,23,18,13,17,21,1,7,2,5,15,8,20,16,6
1016,41677,15,3,19,20,25,2,21,23,1,12,6,14,5,11,16
1017,41680,21,4,16,10,9,3,2,19,8,11,12,17,23,1,15
1018,41682,11,17,2,19,18,7,5,10,8,16,14,22,12,24,4
1019,41684,22,3,18,8,12,20,7,5,21,2,4,17,23,1,10
1020,41687,7,12,20,21,18,9,5,2,15,24,3,19,11,16,13
1021,41689,1,21,20,13,9,6,14,22,15,18,5,16,10,19,23
1022,41691,25,9,10,21,3,22,18,5,16,7,8,4,24,1,14
1023,41694,21,18,9,11,16,14,8,23,6,22,3,7,13,2,1
1024,41696,7,2,23,4,14,13,20,17,10,9,12,22,11,21,1
1025,41698,16,11,9,22,1,13,19,14,25,7,18,17,2,15,23
1026,41703,1,6,7,12,19,11,20,16,24,18,14,23,5,15,21
1027,41705,10,14,19,1,16,9,25,15,6,5,12,3,8,21,23
1028,41708,4,25,5,11,24,17,20,7,10,19,6,9,8,23,16
1029,41710,2,6,22,13,24,19,14,25,1,18,11,23,17,3,8
1030,41712,19,8,15,16,2,23,11,4,20,3,1,17,9,18,10
1031,41715,12,4,9,24,11,14,17,2,22,5,19,15,1,6,20
1032,41717,23,4,2,6,3,10,20,11,8,17,16,13,18,14,1
1033,41719,13,4,18,17,7,14,12,23,16,6,21,24,22,8,3
1034,41722,8,2,23,3,13,17,12,6,21,10,20,18,14,19,4
1035,41724,15,13,21,19,25,20,7,6,12,14,9,18,23,4,22
1036,41726,14,12,7,22,18,21,4,9,11,5,19,24,10,17,20
1037,41729,11,20,9,25,17,18,1,12,24,5,15,21,6,10,23
1038,41731,8,10,24,19,6,7,20,18,16,9,17,2,13,21,25
1039,41733,21,1,15,18,9,2,19,14,22,20,3,12,24,8,13
1040,41736,10,12,4,23,25,9,2,1,6,16,20,22,13,21,8
1041,41738,25,20,12,21,19,15,24,5,10,23,3,7,13,1,17
1042,41740,7,1,15,10,21,14,16,24,6,11,22,9,3,8,19
1043,41743,6,25,7,17,14,12,18,11,1,2,9,19,8,24,10
1044,41745,17,10,20,24,11,6,12,23,5,2,8,15,4,7,25
1045,41748,24,23,20,6,9,17,3,25,16,2,11,5,22,21,15
1046,41752,13,14,21,3,7,12,18,4,11,25,20,5,22,8,23
1047,41754,15,21,20,11,17,24,8,22,12,7,9,10,16,4,25
1048,41757,15,16,1,20,9,17,10,2,21,25,18,7,3,6,5
1049,41759,18,17,20,9,12,22,25,21,4,23,14,2,5,19,16
1050,41761,24,1,7,15,21,22,25,17,19,4,6,13,10,12,16
1051,41764,3,8,4,7,14,13,16,23,20,10,25,2,18,21,11
1052,41766,18,8,3,1,5,11,24,21,10,23,6,16,20,17,4
1053,41768,14,12,24,17,22,13,2,6,4,1,3,15,18,11,23
1054,41771,20,15,9,5,3,24,17,12,6,16,4,2,25,18,13
1055,41773,12,7,1,24,10,2,8,9,25,22,14,18,13,3,23
1056,41775,22,15,18,4,6,21,10,23,9,14,2,8,5,11,19
1057,41778,19,25,13,7,20,11,9,6,23,4,21,16,14,1,8
1058,41780,22,9,24,17,6,12,25,18,13,4,21,20,7,5,16
1059,41782,21,24,8,19,3,20,7,15,16,11,2,1,22,5,14
1060,41785,17,7,20,13,4,14,16,8,2,15,1,5,22,23,21
1061,41787,24,12,15,2,14,23,16,21,5,22,3,7,19,9,8
1062,41789,8,7,13,4,9,16,23,17,3,19,15,11,5,25,20
1063,41792,14,24,6,10,16,25,15,7,13,2,22,5,21,12,20
1064,41794,15,25,9,7,11,10,14,2,24,8,16,18,19,21,3
1065,41796,12,20,14,21,5,15,4,2,19,24,6,25,17,22,3
1066,41799,10,24,6,16,21,5,4,22,14,11,17,19,2,18,23
1067,41801,21,15,1,3,5,14,2,11,17,4,10,25,7,13,22
1068,41803,24,20,18,10,14,17,11,13,21,15,16,6,2,22,7
1069,41806,22,23,17,15,1,11,16,4,8,12,3,10,13,25,24
1070,41808,9,22,18,23,4,20,25,11,13,19,12,10,21,16,24
1071,41810,11,6,14,16,3,2,13,17,21,4,22,24,5,10,12
1072,41813,2,4,7,22,23,25,14,17,20,3,13,1,5,15,9
1073,41815,13,20,17,16,23,5,3,6,1,19,22,4,7,24,21
1074,41817,9,10,8,25,13,11,17,22,23,24,21,1,4,7,20
1075,41820,21,15,16,24,6,17,1,18,22,12,2,23,25,9,10
1076,41822,18,15,12,11,20,13,17,9,16,25,4,14,21,10,22
1077,41824,20,19,12,13,2,5,8,24,7,15,6,21,14,10,1
1078,41827,23,13,6,24,11,25,2,10,21,7,18,17,5,4,9
1079,41829,15,24,6,11,22,5,13,20,16,19,8,17,7,21,14
1080,41831,5,14,3,17,12,21,2,16,10,6,23,22,15,25,11
1081,41834,21,10,5,16,13,12,14,1,15,22,18,19,6,7,23
1082,41836,24,10,9,19,11,7,23,16,3,18,17,21,13,22,15
1083,41838,1,18,20,11,16,24,17,4,6,23,2,13,3,22,21
1084,41841,7,4,24,25,17,18,1,6,21,13,9,5,3,2,10
1085,41843,25,19,21,7,9,14,6,10,18,23,8,3,24,16,22
1086,41845,19,7,24,21,12,15,5,17,2,13,18,4,10,22,23
1087,41848,6,17,19,2,24,18,16,20,12,3,23,4,9,13,21
1088,41850,6,19,12,22,7,3,1,2,18,10,5,13,9,20,23
1089,41852,15,8,4,16,24,3,23,6,2,13,22,14,12,21,19
1090,41855,11,22,15,9,5,21,14,20,24,18,13,3,10,8,17
1091,41857,5,7,6,25,16,4,23,24,13,20,14,10,9,2,12
1092,41859,25,4,24,5,20,9,14,22,8,11,13,12,15,18,19
1093,41862,1,10,5,11,6,18,4,9,25,22,23,24,21,2,13
1094,41864,22,5,16,10,3,2,9,8,14,1,4,6,12,19,25
1095,41866,16,2,24,9,15,21,22,5,18,25,6,17,3,23,7
1096,41869,25,12,8,4,22,20,13,23,2,7,10,14,21,15,1
1097,41871,10,4,16,9,24,12,15,23,18,25,20,19,14,5,6
1098,41873,11,14,12,7,25,24,23,16,3,10,15,4,18,8,5
1099,41876,8,22,14,7,11,16,6,3,24,25,23,21,2,12,13
1100,41878,24,16,7,11,14,18,6,10,23,20,5,19,9,15,12
1101,41880,1,10,3,25,24,23,11,18,17,19,6,2,9,15,13
1102,41889,3,20,18,6,8,2,19,15,23,24,21,14,22,12,5
1103,41890,10,7,12,14,18,4,25,5,16,2,21,9,20,11,22
1104,41892,15,9,14,2,21,6,19,18,11,8,23,22,13,16,5
1105,41894,11,9,13,25,24,17,18,15,1,6,4,20,23,7,2
1106,41897,11,10,15,24,19,3,12,14,23,2,13,16,4,21,9
1107,41899,1,19,16,10,4,18,20,11,24,12,8,21,14,9,2
1108,41901,12,17,25,22,21,8,14,2,1,5,7,13,24,9,4
1109,41904,4,9,8,1,6,11,17,20,7,18,19,21,25,5,10
1110,41906,25,1,15,10,9,2,3,4,6,20,24,22,19,17,18
1111,41908,15,9,2,13,23,14,22,6,25,3,24,16,11,12,4
1112,41911,17,16,20,7,2,22,15,8,12,1,24,6,3,18,13
1113,41913,7,22,24,1,15,20,19,17,9,25,14,12,6,13,3
1114,41915,20,5,8,18,12,6,22,4,11,10,19,1,15,2,3
1115,41918,8,23,3,22,17,11,20,18,7,24,9,10,2,12,25
1116,41920,1,6,9,5,25,22,12,21,2,4,15,18,3,17,24
1117,41922,8,19,11,16,12,13,15,21,1,3,5,23,7,14,2
1118,41925,24,11,5,14,1,13,8,15,25,10,2,21,23,6,20
1119,41927,18,5,15,12,3,17,7,10,1,20,14,6,23,2,8
1120,41929,5,9,10,13,8,24,19,4,2,18,17,14,16,12,6
1121,41932,1,17,22,23,4,9,8,25,20,6,2,12,5,18,11
1122,41934,16,3,21,7,11,12,13,2,19,24,10,25,14,20,23
1123,41936,13,6,4,8,11,24,22,10,16,15,19,23,7,2,17
1124,41939,6,22,13,12,24,3,15,1,5,19,4,25,21,10,8
1125,41941,22,4,12,3,13,18,1,25,16,11,6,17,21,15,9
1126,41943,16,13,25,7,3,12,22,24,17,19,8,5,18,23,6
1127,41946,22,3,6,13,15,16,9,24,17,1,14,8,11,23,4
1128,41948,3,7,10,1,11,2,24,16,14,4,25,6,17,20,12
1129,41950,21,3,22,18,17,5,13,19,7,2,8,4,16,23,12
1130,41953,2,5,1,12,8,22,15,13,25,14,20,17,10,11,24
1131,41955,2,3,25,6,14,15,4,21,20,12,24,22,17,16,19
1132,41957,17,22,1,23,12,7,9,8,14,11,21,6,2,13,24
1133,41960,6,8,16,4,13,18,12,9,2,24,10,14,25,7,5
1134,41962,10,2,17,13,14,23,11,4,20,1,25,18,8,12,15
1135,41964,16,9,4,18,15,17,3,10,8,5,23,24,12,25,19
1136,41967,6,22,10,1,19,11,24,7,9,17,5,15,2,18,21
1137,41969,23,21,15,8,9,2,5,19,11,4,20,12,7,10,25
1138,41971,13,1,21,7,20,22,11,6,5,3,16,2,18,15,10
1139,41974,18,22,17,16,2,1,19,15,11,6,3,25,14,21,13
1140,41976,24,21,3,20,15,4,10,19,7,8,23,5,6,18,25
1141,41978,18,9,17,11,5,16,10,24,22,6,12,25,13,15,23
1142,41981,24,22,10,20,9,23,16,15,12,7,8,13,19,4,2
1143,41983,1,3,4,10,11,18,12,23,13,14,17,6,16,24,25
1144,41985,4,24,25,7,6,18,2,8,23,17,10,19,3,14,13
1145,41988,13,17,14,15,6,5,9,11,3,23,8,16,18,4,24
1146,41990,24,17,2,7,13,21,4,3,11,22,25,15,19,5,18
1147,41992,12,14,22,11,1,20,18,8,6,15,19,9,16,7,25
1148,41995,5,17,3,24,6,14,19,1,13,16,10,4,18,9,20
1149,41997,21,19,8,2,1,23,18,6,12,7,15,22,10,3,17
1150,41999,12,11,20,13,9,18,7,17,23,22,5,8,24,15,14
1151,42002,11,3,24,7,15,21,12,25,9,22,16,1,14,10,20
1152,42004,10,19,3,18,4,20,22,8,9,16,7,5,25,12,21
1153,42006,3,9,18,6,25,12,2,1,5,24,19,20,13,15,8
1154,42009,3,15,4,25,17,1,11,21,13,16,10,5,24,19,23
1155,42011,22,24,13,12,4,19,18,8,9,3,16,2,25,15,1
1156,42013,3,1,22,15,13,25,21,12,11,24,17,4,14,6,7
1157,42016,2,6,11,8,16,5,18,22,4,21,7,24,13,15,12
1158,42018,3,2,13,15,19,25,16,10,22,20,7,5,17,24,14
1159,42020,15,8,4,24,16,2,22,1,14,6,17,23,9,25,3
1160,42023,7,17,6,4,22,18,10,16,11,5,25,15,8,2,21
1161,42025,2,1,25,22,11,5,19,17,4,18,6,15,8,24,10
1162,42027,19,21,3,13,25,11,15,20,1,18,23,9,7,4,24
1163,42030,24,11,7,13,21,14,12,16,6,9,17,23,19,2,20
1164,42032,4,5,15,20,8,17,10,3,23,21,11,24,13,22,25
1165,42034,18,9,12,21,22,25,3,8,10,19,2,5,15,17,1
1166,42037,19,2,17,14,10,20,21,6,15,12,5,18,24,9,4
1167,42039,23,7,5,2,16,18,4,12,11,15,9,14,8,21,1
1168,42041,16,25,24,4,8,11,19,13,23,1,5,9,7,10,3
1169,42044,22,21,4,15,8,18,9,17,25,12,16,3,24,2,7
1170,42046,10,1,18,4,8,15,13,22,20,2,21,7,16,25,19
1171,42048,17,14,21,8,12,16,18,23,1,13,22,20,11,7,15
1172,42053,24,11,8,20,10,12,25,9,13,23,19,16,6,14,2
1173,42055,21,16,11,9,4,8,22,20,1,2,18,5,19,14,7
1174,42058,5,15,3,11,6,10,1,13,2,23,18,19,9,8,17
1175,42060,8,19,24,15,12,23,21,1,3,25,10,4,14,20,13
1176,42062,5,7,16,19,25,15,12,23,2,20,13,11,3,10,18
1177,42065,9,17,2,10,16,3,11,25,22,12,23,20,8,6,5
1178,42067,20,4,16,19,1,17,11,7,9,18,24,8,23,12,21
1179,42069,9,7,15,5,19,8,20,21,6,1,2,25,3,13,18
1180,42072,9,10,22,11,7,23,2,13,19,6,20,1,14,15,8
1181,42074,23,21,24,9,11,14,20,5,4,8,3,13,7,22,6
1182,42076,21,8,16,6,18,10,20,13,22,7,12,24,25,3,19
1183,42079,16,22,4,20,1,11,14,25,15,13,19,3,18,24,9
1184,42081,6,21,19,25,16,18,4,2,11,14,20,17,12,7,10
1185,42083,25,13,3,24,21,5,9,14,16,6,19,18,22,7,23
1186,42086,14,4,5,24,20,22,6,9,15,23,2,16,11,1,18
1187,42088,22,23,11,16,21,8,12,2,4,19,10,25,7,14,1
1188,42090,2,6,23,5,10,18,24,1,14,8,13,22,20,12,4
1189,42093,12,19,5,25,18,13,4,20,9,8,21,17,14,3,15
1190,42095,23,9,21,17,10,25,14,2,3,4,15,16,22,11,6
1191,42098,18,7,1,24,17,22,10,14,3,2,16,5,25,12,13
1192,42100,15,20,5,16,19,9,21,2,6,12,1,3,13,4,11
1193,42102,1,9,23,25,18,7,4,15,8,14,10,20,19,22,13
1194,42104,23,12,10,2,18,9,8,16,22,19,25,24,15,17,4
1195,42107,10,5,12,11,17,1,22,20,15,6,19,14,25,18,9
1196,42109,12,4,17,9,20,8,23,16,11,1,6,2,7,19,18
1197,42111,17,14,8,13,5,18,4,7,1,24,25,6,20,16,11
1198,42114,23,6,3,1,15,11,7,21,10,4,25,17,9,20,22
1199,42116,4,25,2,21,6,1,10,24,22,14,15,5,16,3,19
1200,42118,16,6,10,14,8,22,7,5,11,12,24,25,4,15,3
1201,42121,22,16,19,9,10,25,14,20,11,21,24,18,23,6,5
1202,42123,10,4,17,2,3,18,23,16,8,25,24,14,13,20,19
1203,42126,2,23,6,1,17,24,12,11,5,25,14,3,13,22,15
1204,42128,9,22,15,23,1,5,20,12,2,21,19,8,13,7,16
1205,42130,18,11,20,25,3,8,1,17,21,24,22,12,9,14,6
1206,42132,11,7,1,21,23,25,15,5,3,24,14,22,18,13,10
1207,42135,21,3,13,9,15,12,1,11,19,18,14,24,10,4,7
1208,42137,20,14,19,15,25,5,24,22,10,3,1,11,4,18,2
1209,42139,9,4,5,19,3,14,15,18,20,7,10,24,8,16,11
1210,42142,13,22,25,19,21,11,15,20,1,2,16,8,10,18,4
1211,42144,17,2,7,23,3,16,10,11,20,24,12,15,5,1,13
1212,42146,9,2,17,1,6,7,18,24,3,20,10,8,5,16,15
1213,42149,25,17,10,20,7,5,18,9,14,24,8,3,2,6,23
1214,42151,23,19,20,13,4,21,5,2,7,9,18,1,14,3,8
1215,42153,14,21,15,18,20,3,9,24,13,22,12,17,7,11,16
1216,42156,18,15,2,17,10,24,14,20,1,21,22,12,3,23,7
1217,42158,12,10,11,13,17,1,9,19,25,3,8,20,7,6,24
1218,42160,11,2,21,5,13,18,3,7,9,14,23,10,20,4,1
1219,42163,5,23,6,8,25,22,10,9,2,14,3,16,4,19,20
1220,42165,23,3,20,18,7,14,4,6,13,17,25,19,5,2,9
1221,42167,10,22,3,24,18,19,15,2,12,6,9,23,14,4,21
1222,42170,9,4,13,15,2,20,8,5,22,24,3,11,10,1,17
1223,42172,22,18,21,14,20,6,8,17,23,7,10,2,16,9,13
1224,42174,19,8,2,12,1,15,18,4,14,5,16,6,17,11,9
1225,42177,24,20,2,5,15,7,3,23,17,25,18,14,13,11,21
1226,42179,8,23,24,10,7,15,22,14,1,11,19,21,5,17,3
1227,42181,25,10,11,21,14,1,19,7,9,13,12,8,2,17,22
1228,42184,7,9,4,12,3,10,1,2,17,23,6,22,24,13,20
1229,42186,14,17,20,7,3,25,19,5,8,22,2,6,1,24,13
1230,42188,19,17,8,11,21,7,12,5,6,18,1,10,13,2,3
1231,42191,22,7,12,1,13,25,3,20,5,4,15,8,16,21,18
1232,42193,15,25,5,24,13,23,3,10,6,19,9,16,14,21,2
1233,42195,16,5,1,9,4,15,18,25,17,23,22,19,14,10,13
1234,42198,10,18,1,19,24,2,17,5,25,14,9,16,20,21,8
1235,42200,13,12,6,4,10,24,11,2,18,20,17,15,3,1,9
1236,42202,2,9,25,23,6,5,1,3,11,17,19,12,10,7,13
1237,42205,22,12,24,3,14,25,21,8,6,10,5,9,7,18,13
1238,42207,17,14,5,15,18,11,2,9,13,16,3,21,25,8,7
1239,42209,14,24,16,12,9,15,10,18,8,11,20,6,22,13,5
1240,42212,18,22,13,24,16,1,20,5,6,4,9,19,12,2,3
1241,42214,1,10,25,9,15,4,17,8,11,5,12,20,24,22,13
1242,42216,24,14,20,1,7,15,16,5,4,25,2,19,23,11,21
1243,42219,4,25,17,14,5,1,8,2,16,15,13,12,22,24,6
1244,42221,16,19,10,7,17,3,12,13,1,23,11,21,5,9,25
1245,42223,21,6,25,16,5,9,18,19,3,11,8,15,17,4,2
1246,42226,19,24,8,18,13,10,17,22,7,1,12,16,9,4,25
1247,42228,11,24,19,15,25,20,3,9,8,16,7,2,17,18,23
1248,42230,22,19,17,24,15,20,1,5,25,13,12,10,16,11,3
1249,42233,18,14,5,19,9,25,12,3,13,22,24,4,15,6,20
1250,42235,25,24,10,15,5,9,19,3,17,2,7,18,14,20,4
1251,42237,25,21,10,6,14,8,16,15,9,17,20,2,23,7,19
1252,42240,10,21,12,3,9,24,23,4,1,15,5,11,20,8,6
1253,42242,16,20,1,18,15,7,3,23,11,2,6,25,24,5,22
1254,42244,17,14,15,22,16,8,9,21,11,23,2,20,12,18,3
1255,42255,14,13,2,6,4,25,16,1,9,21,20,7,23,18,10
1256,42256,13,11,6,18,19,23,1,15,12,22,8,10,2,14,16
1257,42258,1,10,13,19,8,2,22,6,20,14,12,5,11,25,16
1258,42261,6,2,10,21,4,20,9,13,12,8,3,5,23,25,14
1259,42263,18,20,23,13,2,17,9,5,10,14,8,22,19,16,25
1260,42265,6,15,4,24,2,22,7,18,14,11,20,3,1,5,17
1261,42268,5,17,12,25,20,4,18,10,21,16,19,15,7,1,22
1262,42270,22,4,12,11,23,1,21,6,24,16,13,3,17,20,8
1263,42272,9,8,20,22,11,16,12,5,23,13,4,3,25,18,10
1264,42275,23,4,11,12,22,25,5,14,8,1,21,17,24,10,18
1265,42277,25,13,23,4,16,22,1,11,3,14,19,15,7,2,24
1266,42279,20,15,23,8,3,11,6,14,13,2,1,5,24,9,10
1267,42282,18,7,5,3,17,12,9,6,15,2,16,22,25,13,11
1268,42284,18,1,11,7,21,24,13,15,3,2,8,22,17,12,6
1269,42286,11,14,22,7,13,5,17,18,21,23,8,4,16,20,1
1270,42290,5,3,23,8,25,2,10,1,13,11,6,4,21,9,20
1271,42291,8,25,2,6,14,13,24,4,17,12,1,23,9,11,18
1272,42293,21,15,4,14,9,25,20,18,23,10,17,1,24,19,7
1273,42296,1,18,22,8,13,3,6,24,5,15,14,11,12,20,19
1274,42298,18,25,14,22,1,15,7,20,8,3,13,11,10,12,19
1275,42300,14,17,18,7,13,15,20,6,16,23,8,11,10,25,3
1276,42303,19,14,21,3,22,16,15,23,18,7,1,5,10,12,24
1277,42305,18,22,4,17,25,3,12,13,21,15,9,6,2,1,10
1278,42307,21,24,18,19,20,7,22,9,4,16,17,15,10,6,12
1279,42311,8,16,21,12,14,18,3,9,11,4,19,1,23,7,13
1280,42312,19,25,23,22,14,7,24,3,17,1,11,5,9,15,4
1281,42314,23,13,3,24,21,22,5,12,6,15,9,25,19,1,8
1282,42317,21,7,12,6,11,19,20,17,5,14,10,9,22,25,23
1283,42319,13,17,18,16,8,10,15,9,22,7,12,2,23,6,11
1284,42321,13,23,18,16,8,17,11,5,10,7,22,25,20,2,4
1285,42324,7,15,18,6,16,1,24,17,10,12,25,20,11,22,2
1286,42326,23,12,21,16,11,20,19,10,1,4,3,25,17,7,5
1287,42328,22,21,24,4,13,19,11,3,9,25,6,5,17,18,23
1288,42331,13,5,20,2,18,24,23,1,9,10,19,25,16,15,17
1289,42333,2,7,25,1,22,17,18,24,13,8,5,11,15,16,20
1290,42335,25,23,11,16,3,13,6,14,20,4,21,5,22,1,19
1291,42338,24,15,19,10,21,18,12,16,6,20,8,11,1,13,7
1292,42340,23,24,17,8,2,25,10,22,15,1,3,7,11,19,14
1293,42342,22,24,20,11,17,9,1,2,7,13,18,15,12,8,10
1294,42345,13,8,16,18,12,14,11,20,2,23,5,7,25,10,6
1295,42347,10,11,12,19,24,15,6,18,25,9,23,14,17,13,3
1296,42349,23,7,18,10,20,15,17,9,5,14,11,25,19,16,21
1297,42352,6,11,18,12,9,8,22,1,5,17,10,19,2,16,7
1298,42354,24,4,25,20,6,18,22,12,17,9,23,3,2,21,7
1299,42356,8,20,5,13,23,3,22,1,11,25,18,17,19,7,21
1300,42359,25,10,24,14,9,15,13,23,20,11,6,18,2,12,7
1301,42361,24,1,25,7,19,4,14,6,10,9,22,3,16,17,2
1302,42364,22,12,3,20,14,17,9,16,13,25,18,4,6,11,15
1303,42366,8,1,19,18,11,15,22,5,20,9,23,13,14,16,10
1304,42368,8,20,13,10,18,7,1,19,25,2,17,11,14,21,3
1305,42371,13,7,4,15,20,12,17,8,2,6,25,23,11,5,3
1306,42373,2,22,13,15,14,6,9,23,19,18,5,20,1,7,12
1307,42375,15,10,13,18,14,8,23,20,6,3,21,16,12,4,9
1308,42377,16,11,6,19,17,14,9,22,25,8,20,7,23,5,3
1309,42380,19,13,12,24,4,14,16,5,10,18,2,6,25,8,20
1310,42382,23,19,10,4,17,8,18,15,5,1,21,7,3,2,11
1311,42384,10,12,17,5,11,3,18,14,6,15,20,25,8,2,23
1312,42387,25,18,4,11,19,1,20,2,9,6,13,24,23,7,5
1313,42389,25,8,17,23,24,10,21,22,20,1,4,16,13,15,11
1314,42391,14,24,19,16,10,22,25,18,5,15,8,11,3,21,9
1315,42394,12,19,23,11,5,18,1,8,4,3,2,25,16,10,14
1316,42396,20,12,23,25,1,24,6,17,2,4,3,19,5,15,11
1317,42398,25,9,1,11,8,10,3,16,24,7,20,23,22,5,14
1318,42401,12,23,17,8,14,6,9,4,1,3,13,2,20,7,15
1319,42403,5,19,15,14,22,25,6,11,9,3,17,23,8,10,13
1320,42405,17,5,16,22,23,4,11,21,9,12,15,3,13,2,25
1321,42410,4,20,10,3,23,6,13,24,9,11,14,2,18,7,19
1322,42412,21,9,15,25,6,7,18,8,24,17,16,2,13,11,1
1323,42415,19,23,6,5,1,11,4,14,20,9,10,13,21,17,22
1324,42417,4,11,1,10,8,19,18,24,21,13,17,6,25,5,7
1325,42419,21,18,9,10,2,7,5,14,3,20,15,6,16,25,19
1326,42422,9,6,21,17,22,25,1,24,8,3,4,10,19,20,18
1327,42424,3,7,16,25,20,23,10,22,1,5,18,17,4,14,13
1328,42426,16,15,10,5,22,23,24,13,21,8,6,9,25,2,17
1329,42429,23,3,2,15,4,11,25,18,10,13,5,16,24,22,7
1330,42431,17,20,10,5,12,23,22,24,4,25,16,18,19,13,7
1331,42433,1,5,11,23,10,6,25,16,7,24,2,15,14,18,3
1332,42436,21,16,11,13,18,8,24,12,4,14,6,20,5,15,1
1333,42438,10,17,9,20,22,8,3,5,11,4,24,18,7,14,12
1334,42440,10,15,11,4,19,3,9,17,18,21,13,16,6,22,7
1335,42443,3,10,18,11,17,23,24,1,9,7,6,4,16,25,13
1336,42445,6,9,20,12,19,10,14,13,8,24,15,18,11,17,22
1337,42447,6,23,5,10,13,3,16,12,21,8,1,25,19,9,15
1338,42450,16,7,6,17,1,13,14,4,10,19,11,3,15,12,2
1339,42452,11,8,24,13,14,3,16,5,2,21,23,4,6,7,20
1340,42455,10,13,16,9,19,5,18,4,12,7,14,17,22,1,2
1341,42457,24,21,3,16,10,1,23,8,20,4,17,14,9,15,13
1342,42459,12,21,5,23,10,13,1,24,25,9,15,3,2,20,11
1343,42461,5,15,10,16,13,17,23,9,19,11,14,4,24,21,2
1344,42464,6,17,25,21,8,18,23,11,13,2,7,10,4,24,12
1345,42466,10,14,3,15,22,11,7,1,19,24,21,25,9,8,17
1346,42468,19,10,2,18,3,8,14,15,7,23,5,21,20,25,11
1347,42471,3,8,6,14,20,13,7,23,17,24,12,1,18,10,5
1348,42473,7,24,8,14,15,21,1,18,2,20,6,22,25,9,10
1349,42475,12,18,16,7,5,19,14,2,25,4,3,6,8,21,24
1350,42478,9,23,11,19,12,20,8,6,21,13,18,1,5,16,14
1351,42480,7,13,6,25,23,17,2,24,10,21,20,11,4,22,19
1352,42482,16,11,15,19,24,13,20,6,25,10,23,8,14,21,12
1353,42485,14,8,21,24,5,18,3,9,25,10,23,12,22,11,7
1354,42487,1,12,20,9,7,11,3,2,24,13,21,15,18,5,14
1355,42489,2,4,7,15,20,16,24,3,21,1,22,8,18,6,11
1356,42492,11,6,15,12,20,8,3,16,14,19,4,13,17,10,9
1357,42494,22,9,21,7,12,15,23,13,3,17,10,11,18,20,8
1358,42496,2,23,8,15,1,3,6,20,22,4,13,18,9,17,19
1359,42499,18,11,9,13,5,3,17,7,14,8,15,16,20,23,21
1360,42501,14,5,24,6,12,20,4,11,10,8,2,3,18,23,1
1361,42503,5,14,11,19,4,25,18,15,20,12,23,17,13,1,16
1362,42506,13,6,9,22,12,1,4,3,25,21,24,11,10,23,16
1363,42508,12,7,14,16,15,17,5,10,19,20,22,13,21,9,23
1364,42510,6,17,22,15,9,13,10,12,20,18,16,25,24,1,11
1365,42513,22,25,23,15,21,19,6,14,12,2,24,3,20,9,10
1366,42515,15,24,8,21,22,9,12,14,25,13,16,10,11,17,4
1367,42517,14,7,23,4,2,5,3,6,20,15,17,18,16,9,24
1368,42520,23,16,24,20,18,7,10,5,19,25,22,11,8,14,12
1369,42522,18,5,4,11,24,22,10,14,9,12,3,13,16,17,21
1370,42524,11,2,17,24,22,21,18,14,20,5,7,8,13,25,4
1371,42527,25,22,5,15,20,19,3,13,21,24,18,23,17,4,7
1372,42529,23,3,17,13,2,21,9,18,7,16,1,25,15,10,5
1373,42531,5,4,6,18,17,7,3,20,24,8,12,2,21,23,1
1374,42534,9,4,19,23,15,3,2,5,16,6,10,14,20,25,21
1375,42536,18,20,24,15,25,11,14,23,6,9,22,16,1,10,5
1376,42538,12,6,3,15,18,19,22,13,14,16,5,20,24,4,1
1377,42541,10,15,5,19,12,1,6,9,25,13,17,8,20,22,21
1378,42543,19,6,2,25,8,1,20,24,21,10,17,23,3,12,13
1379,42545,17,7,14,2,18,5,10,1,12,4,15,22,21,9,8
1380,42548,15,21,8,3,5,16,25,4,24,6,14,11,22,12,17
1381,42550,18,16,14,9,1,8,21,12,25,19,17,6,10,4,13
1382,42552,24,19,10,21,15,6,16,12,13,20,1,22,17,14,18
1383,42555,22,2,25,15,16,7,8,17,14,24,9,21,13,6,20
1384,42557,11,9,15,12,19,8,18,6,4,3,13,25,22,24,20
1385,42559,19,12,23,18,4,10,17,14,8,9,5,13,20,15,11
1386,42562,9,1,16,22,4,18,7,3,24,17,25,13,2,21,19
1387,42564,16,24,4,11,12,5,7,9,6,14,1,3,18,13,15
1388,42566,25,11,10,15,5,19,8,12,3,21,7,18,1,23,20
1389,42569,20,8,15,2,18,17,6,5,1,10,12,4,14,16,21
1390,42571,14,3,15,5,20,18,13,6,7,16,8,11,21,17,23
1391,42573,3,15,16,21,5,24,1,25,19,11,6,10,12,20,17
1392,42576,14,9,3,15,21,16,8,18,25,2,22,1,17,20,4
1393,42578,9,3,11,20,22,23,13,14,10,7,18,5,17,12,4
1394,42580,9,11,15,5,23,3,4,18,19,10,16,6,21,22,14
1395,42583,17,22,16,12,23,25,6,13,19,8,7,18,11,5,14
1396,42585,13,17,23,12,25,20,7,22,3,18,19,24,10,6,5
1397,42587,11,1,25,18,13,22,14,21,6,9,8,3,12,5,4
1398,42590,24,8,5,16,14,21,7,11,15,20,4,25,19,6,1
1399,42592,12,25,9,4,6,21,8,19,13,24,22,5,15,14,17
1400,42594,19,21,23,9,22,2,12,25,24,3,10,5,6,16,1
1401,42597,4,8,22,25,21,14,3,24,1,5,19,7,15,6,18
1402,42599,3,19,2,15,14,8,11,21,9,5,16,23,12,4,20
1403,42601,17,21,5,16,8,11,23,4,15,12,25,13,3,9,10
1404,42604,22,25,1,2,3,16,15,18,21,13,19,10,4,8,11
1405,42606,24,9,20,11,18,23,14,19,4,2,10,15,16,3,7
1406,42608,15,24,13,6,5,9,2,21,4,22,20,25,3,11,19
1407,42611,5,24,20,10,25,1,6,22,2,12,13,23,7,4,21
1408,42619,13,1,3,24,10,19,14,23,12,21,25,22,5,11,8
1409,42622,4,17,7,8,2,6,14,1,12,16,25,22,11,24,19
1410,42625,9,7,23,4,2,5,6,10,15,16,17,20,21,3,14
1411,42627,9,5,13,23,1,17,21,14,8,12,16,7,10,6,15
1412,42629,18,5,11,22,15,24,16,21,23,7,25,19,13,6,9
1413,42632,17,5,16,4,2,6,9,10,13,21,18,3,7,8,25
1414,42634,3,4,11,13,23,2,9,7,20,14,21,10,5,16,17
1415,42636,25,18,6,17,24,13,19,2,12,4,23,15,10,22,5
1416,42639,8,14,12,15,7,17,18,20,10,24,4,9,5,19,3
1417,42641,4,19,11,14,1,7,13,15,3,9,2,6,18,22,23
1418,42643,21,2,13,14,9,6,11,23,20,15,4,18,10,22,17
1419,42646,7,18,23,15,6,16,12,17,21,24,3,19,20,11,2
1420,42648,13,6,1,15,16,25,17,4,22,14,8,10,23,7,20
1421,42650,6,24,9,19,18,3,11,7,20,17,5,8,12,23,14
1422,42653,11,16,14,15,7,19,22,5,13,17,23,10,4,24,1
1423,42657,2,7,19,8,1,13,12,11,4,22,15,23,16,5,14
1424,42660,11,2,20,13,18,25,4,17,5,23,21,10,8,6,9
1425,42662,16,9,3,11,4,13,5,14,12,21,1,19,20,8,25
1426,42664,10,2,14,16,4,3,18,23,8,12,22,7,15,25,24
1427,42667,18,17,15,1,14,16,20,2,25,12,11,22,10,19,7
1428,42669,22,13,17,2,6,9,5,18,3,8,21,20,4,25,19
1429,42671,15,19,25,20,14,13,16,18,8,9,7,10,5,12,21
1430,42674,1,20,4,16,23,8,21,7,22,13,5,25,3,9,15
1431,42678,16,14,9,8,19,20,10,23,12,2,1,15,25,7,17
1432,42681,25,17,4,24,18,11,23,12,3,1,16,5,20,21,10
1433,42683,16,14,23,9,22,6,20,12,15,25,3,7,10,24,18
1434,42685,4,13,6,3,5,9,7,22,18,24,23,10,12,19,15
1435,42688,4,17,5,20,1,10,6,16,2,19,23,3,9,21,12
1436,42690,5,6,19,3,23,24,2,1,8,18,11,22,12,17,15
1437,42692,7,9,19,4,6,25,2,8,11,23,14,5,20,13,17
1438,42695,1,10,8,21,4,24,11,17,15,14,7,9,20,12,22
1439,42697,14,12,11,5,3,15,16,2,22,24,17,19,1,18,13
1440,42699,12,3,20,22,17,18,8,10,21,25,14,2,13,24,16
1441,42702,22,9,1,16,6,5,4,11,19,10,25,13,23,3,7
1442,42704,1,12,15,16,20,11,9,21,3,2,19,13,7,17,4
1443,42706,16,10,7,2,17,1,8,14,11,5,24,9,12,15,3
1444,42709,24,18,6,10,2,17,4,9,11,20,5,21,14,1,15
1445,42711,8,6,15,20,13,4,5,1,18,25,23,16,17,10,22
1446,42713,13,22,17,4,21,25,23,20,12,24,1,16,8,7,6
1447,42716,25,5,13,17,4,21,19,3,24,12,22,8,11,1,18
1448,42718,23,24,5,21,1,19,4,18,6,13,8,3,22,12,16
1449,42720,23,7,6,20,4,9,16,8,3,22,11,15,5,1,24
1450,42723,13,16,20,5,14,17,8,24,2,19,4,22,1,10,9
1451,42725,5,24,3,12,13,14,20,23,25,19,10,21,1,15,2
1452,42727,8,25,17,2,10,11,7,14,20,24,13,21,5,15,23
1453,42730,2,8,13,15,1,24,19,25,5,23,16,14,21,9,10
1454,42732,10,22,1,25,3,18,21,19,13,14,12,4,23,20,7
1455,42734,15,23,20,2,17,21,16,14,7,5,19,18,22,8,25
1456,42737,8,13,20,6,25,19,15,12,1,7,2,14,24,9,21
1457,42739,14,23,8,15,4,2,9,1,18,10,3,13,7,24,11
1458,42741,20,11,17,18,7,3,1,22,24,19,9,5,2,23,14
1459,42744,12,6,14,16,25,1,18,13,24,4,19,9,17,10,20
1460,42746,17,16,11,7,18,14,20,3,21,1,19,5,15,24,25
1461,42748,9,10,21,24,5,4,17,2,19,18,25,15,6,23,11
1462,42751,9,14,17,12,1,21,3,7,20,4,16,5,25,13,24
1463,42753,23,7,11,20,10,4,22,15,6,17,19,13,3,24,14
1464,42755,23,11,9,12,16,17,24,13,4,15,14,18,10,1,22
1465,42758,24,12,19,10,8,16,23,9,22,21,5,7,20,14,2
1466,42760,10,12,3,6,14,11,24,2,21,23,19,20,25,22,4
1467,42762,9,10,25,20,19,22,12,21,6,4,1,5,24,11,23
1468,42765,20,19,5,13,12,3,23,8,24,21,18,14,6,11,2
1469,42767,5,16,6,3,8,11,7,9,2,13,20,19,18,1,17
1470,42769,14,21,23,3,12,18,24,7,22,15,20,13,11,8,2
1471,42772,8,18,13,4,10,7,15,6,22,11,2,21,20,1,24
1472,42774,14,18,8,10,4,24,22,13,7,12,2,5,23,3,21
1473,42776,20,4,8,7,12,14,25,22,23,16,5,10,1,9,24
1474,42779,8,20,7,1,18,15,14,2,13,19,21,5,10,11,25
1475,42781,24,15,18,13,2,20,3,1,21,9,6,10,25,12,5
1476,42783,4,14,19,9,10,13,16,7,25,21,2,6,12,5,22
1477,42786,21,23,7,4,5,2,10,3,1,12,22,15,17,6,18
1478,42788,6,21,12,15,25,19,7,10,17,11,2,24,16,5,18
1479,42790,13,15,18,22,3,9,17,5,23,6,14,20,16,2,11
1480,42795,6,25,16,10,12,22,11,20,1,7,13,21,17,15,19
1481,42797,25,11,23,7,2,20,18,8,9,3,24,21,17,19,5
1482,42800,12,23,7,2,9,8,11,24,1,4,15,10,19,5,14
1483,42802,6,3,20,5,17,21,9,15,14,13,11,7,23,4,22
1484,42804,17,2,6,18,22,7,21,19,3,25,4,1,9,12,10
1485,42807,5,24,17,1,11,2,15,23,13,18,3,25,9,19,8
1486,42809,22,9,8,18,14,12,2,21,25,4,5,10,23,20,19
1487,42811,21,15,3,19,25,5,22,6,4,12,1,2,11,10,16
1488,42814,19,23,21,11,25,24,10,6,20,5,12,1,4,13,16
1489,42816,25,12,14,22,20,19,2,7,9,15,23,4,8,10,13
1490,42818,5,22,19,4,20,15,11,9,18,7,3,1,14,8,13
1491,42821,20,14,2,13,23,9,19,11,5,7,25,6,24,4,22
1492,42823,15,3,5,25,8,4,19,18,12,10,16,24,7,17,2
1493,42825,10,19,14,24,25,21,2,13,20,11,16,23,5,15,8
1494,42828,2,9,13,11,3,20,19,4,25,15,10,22,12,17,1
1495,42830,13,23,24,5,3,22,10,2,18,4,14,25,8,1,12
1496,42832,7,13,9,25,23,17,3,10,2,19,6,20,15,11,12
1497,42835,22,5,12,7,11,2,19,14,13,18,23,17,1,15,16
1498,42837,16,25,14,17,7,23,10,5,15,18,11,4,21,8,24
1499,42840,15,23,12,2,4,5,3,14,13,24,18,8,7,1,19
1500,42842,3,13,2,22,7,15,20,5,10,1,17,11,18,12,19
1501,42844,10,1,8,6,13,25,9,21,22,7,11,17,16,24,18
1502,42847,4,18,22,3,17,13,15,11,24,2,12,5,20,7,1
1503,42849,22,12,7,3,16,17,2,21,20,25,18,23,15,1,24
1504,42851,11,25,24,21,18,19,23,7,8,17,1,12,14,5,4
1505,42853,7,25,16,2,24,19,20,11,3,1,6,14,22,18,17
1506,42858,3,13,5,8,22,10,19,9,14,17,24,4,21,18,20
1507,42860,5,14,10,11,17,4,19,13,24,3,1,8,23,2,21
1508,42863,7,23,3,22,14,9,24,11,19,10,8,17,1,21,12
1509,42865,22,2,24,3,17,14,15,19,7,8,6,13,1,18,9
1510,42867,15,3,7,11,13,12,18,24,10,4,8,9,22,1,19
1511,42870,23,9,12,11,24,2,8,21,20,10,5,4,19,15,13
1512,42872,3,21,22,16,17,15,13,12,19,2,6,4,24,10,11
1513,42874,18,6,16,24,4,9,11,22,10,3,13,12,21,14,7
1514,42877,11,21,20,8,19,16,3,4,24,5,13,15,12,17,7
1515,42879,3,1,19,12,9,5,13,11,17,20,16,23,8,18,2
1516,42881,18,11,24,14,12,1,16,2,23,19,10,22,7,20,6
1517,42884,25,3,18,23,5,12,11,2,8,21,15,24,10,14,20
1518,42886,12,2,7,3,11,20,24,4,14,17,25,16,5,22,8
1519,42888,23,18,24,21,17,22,1,16,6,20,13,8,4,14,25
1520,42891,16,13,12,4,19,8,14,25,2,9,17,1,24,18,10
1521,42893,4,19,14,23,8,20,12,24,5,17,3,2,7,1,15
1522,42895,19,13,9,11,16,21,8,23,18,1,10,14,24,20,15
1523,42898,19,9,3,5,6,21,13,7,23,16,25,14,10,12,18
1524,42900,20,8,9,5,13,3,6,22,23,24,7,1,25,14,10
1525,42902,1,25,8,15,4,19,22,21,12,14,18,2,20,10,5
1526,42905,8,11,10,18,21,7,17,25,13,20,15,23,22,5,9
1527,42907,14,10,9,3,2,15,25,22,5,21,1,24,20,6,7
1528,42909,21,18,23,8,9,1,5,20,2,6,10,24,17,25,4
1529,42912,19,21,8,5,3,20,24,4,11,13,16,18,17,14,2
1530,42914,7,15,5,4,2,22,12,9,20,10,24,18,23,14,16
1531,42916,22,13,11,23,1,3,24,4,15,8,14,19,10,2,7
1532,42919,1,25,13,3,17,12,22,9,10,8,20,18,11,2,14
1533,42921,1,19,4,15,14,16,11,6,20,7,21,13,3,12,24
1534,42923,10,11,9,4,5,21,17,13,24,16,8,1,12,19,14
1535,42926,15,22,7,8,5,17,25,3,24,4,18,23,13,12,21
1536,42928,3,9,12,13,20,6,1,19,25,7,10,8,5,23,11
1537,42930,18,22,20,21,24,13,14,17,4,10,3,11,1,15,2
1538,42933,21,13,8,19,23,10,15,2,18,7,5,17,9,14,4
1539,42935,4,16,21,13,20,14,18,12,17,19,8,1,3,25,11
1540,42937,22,10,23,15,2,9,11,7,19,3,14,16,17,1,12
1541,42940,18,19,3,20,2,11,13,4,25,22,15,5,21,7,14
1542,42942,16,7,11,24,17,2,10,8,22,3,5,21,20,13,15
1543,42944,13,7,9,12,25,23,6,19,20,8,24,2,15,17,1
1544,42947,9,12,22,24,8,17,23,2,11,14,16,4,7,1,21
1545,42949,16,20,7,17,11,3,8,23,10,15,12,22,5,25,24
1546,42951,20,22,1,25,3,8,15,19,11,14,18,10,6,24,7
1547,42954,17,8,25,19,11,6,18,13,21,5,9,2,1,15,10
1548,42956,4,11,9,14,2,10,18,3,17,15,21,20,22,23,12
1549,42958,1,5,13,11,23,10,3,18,7,24,20,2,8,25,4
1550,42961,14,20,24,8,17,22,23,4,13,16,15,3,5,7,25
1551,42963,1,7,5,14,17,22,20,23,25,13,3,19,15,11,8
1552,42965,19,24,21,7,14,15,12,22,8,3,2,16,25,9,20
1553,42968,19,11,4,12,22,17,21,8,18,2,1,13,15,9,25
1554,42970,14,3,8,5,13,16,7,1,18,10,9,24,25,19,4
1555,42972,23,10,12,22,9,16,20,14,6,25,13,18,2,1,8
1556,42975,1,15,19,6,8,23,16,12,21,5,17,2,25,3,22
1557,42985,5,6,3,9,16,24,21,17,20,25,18,4,12,2,22
1558,42989,18,25,5,15,9,21,14,1,11,16,17,2,22,6,4
1559,42991,7,16,25,19,23,6,18,20,5,4,11,14,9,3,10
1560,42993,2,1,24,17,18,8,3,4,20,9,7,11,25,5,14
1561,42996,7,20,22,16,6,15,8,12,13,21,25,18,3,5,24
1562,42998,8,2,12,17,6,14,18,9,3,7,16,5,4,11,1
1563,43000,23,12,9,20,5,17,18,1,3,6,13,2,21,22,10
1564,43003,18,16,17,21,6,8,24,9,12,3,20,11,19,13,4
1565,43005,25,13,3,18,10,24,6,17,12,1,11,9,7,15,8
1566,43007,7,1,24,19,13,23,14,4,9,15,5,2,16,25,8
1567,43010,11,19,14,3,21,7,9,10,18,2,24,12,17,15,5
1568,43012,4,22,10,1,19,13,7,3,2,6,17,24,11,21,16
1569,43014,12,16,4,13,24,21,2,23,10,20,18,9,14,8,25
1570,43017,20,7,11,3,16,1,19,13,18,9,24,8,25,23,21
1571,43019,19,1,3,17,14,6,24,11,7,5,18,4,23,25,12
1572,43021,24,9,23,19,5,21,16,8,13,10,22,4,6,18,2
1573,43024,19,18,17,11,23,6,8,2,10,13,7,12,14,15,16
1574,43026,7,6,12,1,3,15,21,17,14,5,2,10,11,22,18
1575,43028,17,16,22,9,12,11,1,23,5,3,10,25,14,7,6
1576,43031,25,15,11,18,2,12,5,9,1,21,14,8,20,7,16
1577,43033,18,17,24,7,11,10,6,3,16,9,19,5,13,21,15
1578,43035,13,12,22,9,8,4,21,18,6,17,24,16,10,19,14
1579,43038,16,1,21,23,15,2,22,14,18,10,13,12,7,4,6
1580,43040,18,12,7,4,11,22,13,14,10,20,25,15,16,3,23
1581,43042,20,12,6,4,8,16,5,7,13,24,25,3,21,23,11
1582,43045,11,24,10,8,18,16,5,14,23,7,2,19,1,17,25
1583,43047,3,4,19,16,7,9,15,25,17,10,14,23,20,2,6
1584,43049,1,2,17,25,14,16,24,15,5,6,20,11,3,12,19
1585,43052,11,9,18,17,5,19,23,1,4,2,25,7,24,21,6
1586,43055,1,13,20,18,11,19,23,25,12,24,22,16,10,4,3
1587,43056,21,22,17,25,19,16,8,2,14,20,15,3,7,11,5
1588,43059,1,21,17,23,11,15,7,4,22,5,10,9,20,3,14
1589,43061,3,25,24,14,22,4,12,13,6,23,15,17,18,2,1
1590,43063,3,14,20,5,7,8,16,18,1,22,23,25,10,17,21
1591,43066,19,23,5,17,1,3,11,22,7,12,20,24,8,10,21
1592,43068,4,22,2,3,15,14,6,25,16,20,19,1,5,9,12
1593,43070,20,8,14,3,16,24,11,5,22,13,7,4,9,10,17
1594,43073,8,16,10,13,12,17,1,19,6,11,21,15,2,4,25
1595,43075,6,4,22,18,17,25,13,2,1,20,7,11,9,10,3
1596,43077,21,11,22,9,5,20,13,15,18,8,10,12,23,19,24
1597,43080,7,1,21,5,8,22,9,17,19,20,24,13,6,18,2
1598,43082,18,13,19,16,2,6,15,17,24,20,7,10,21,12,5
1599,43084,9,18,6,10,1,20,5,25,14,4,23,22,21,8,3
1600,43087,22,7,16,5,9,23,24,14,13,17,3,2,4,20,18
1601,43089,11,8,9,22,20,25,14,15,10,12,13,6,4,2,18
1602,43091,3,9,23,13,24,15,14,11,1,21,10,8,17,4,19
1603,43095,13,24,16,3,21,23,9,4,19,7,20,1,2,10,14
1604,43096,8,3,12,22,6,21,10,15,5,9,19,4,7,13,24
1605,43098,17,21,14,11,16,19,4,8,10,18,25,5,9,23,2
1606,43102,1,20,22,14,8,3,19,10,9,23,7,15,5,11,25
1607,43103,14,18,9,15,24,6,3,7,11,1,12,17,8,2,13
1608,43105,5,1,14,10,17,6,20,25,3,2,18,9,22,23,21
1609,43108,14,6,21,5,18,8,20,17,24,25,7,23,11,9,13
1610,43110,24,21,16,11,20,17,13,6,22,10,19,14,3,7,9
1611,43112,6,3,14,22,10,11,15,8,12,4,7,1,9,20,24
1612,43115,14,2,12,7,15,21,3,18,25,23,5,22,11,4,24
1613,43117,2,3,21,1,8,18,14,9,17,6,4,13,19,16,10
1614,43119,19,13,14,1,2,9,17,16,15,3,21,10,7,12,23
1615,43122,6,10,20,9,16,4,21,17,25,2,5,1,19,11,7
1616,43124,17,10,8,23,11,13,4,16,18,14,22,24,1,2,5
1617,43126,8,12,25,6,13,9,22,7,20,5,10,23,14,15,2
1618,43129,19,1,25,8,3,4,20,14,10,24,5,17,9,13,16
1619,43131,15,24,7,4,16,8,17,13,11,21,22,10,18,5,25
1620,43133,20,4,11,1,10,13,9,21,14,18,12,2,25,24,7
1621,43136,18,21,24,10,19,8,13,23,22,2,6,14,3,4,9
1622,43138,18,16,9,1,20,11,23,17,22,2,3,24,8,4,25
1623,43140,17,4,13,10,2,7,8,1,20,3,19,24,14,11,6
1624,43145,20,1,18,17,14,15,16,9,11,24,6,23,2,8,7
1625,43147,8,19,13,3,20,21,2,17,24,10,12,16,22,18,6
1626,43150,1,20,11,16,15,17,24,10,8,13,9,7,3,21,4
1627,43152,20,17,13,4,3,24,11,6,21,2,14,9,8,15,12
1628,43154,9,22,20,17,16,19,11,6,1,24,23,3,25,12,18
1629,43157,12,1,15,6,24,2,5,25,14,7,10,18,9,3,22
1630,43159,8,9,23,25,22,17,3,15,14,13,20,12,7,5,10
1631,43161,23,11,22,4,10,18,12,20,19,5,2,14,9,25,3
1632,43164,23,4,25,22,8,21,5,16,18,13,20,12,24,15,14
1633,43166,7,19,9,18,20,23,6,25,1,24,17,10,3,2,5
1634,43168,3,9,7,4,14,25,21,13,5,19,10,24,22,15,6
1635,43171,21,19,12,25,1,16,15,3,6,8,17,23,24,22,7
1636,43173,14,12,3,7,9,8,18,25,2,19,20,6,22,15,13
1637,43175,18,5,22,24,12,14,17,19,11,4,3,13,7,15,8
1638,43178,8,7,1,16,15,22,24,20,11,10,19,12,14,25,23
1639,43180,3,1,10,7,22,9,25,15,20,11,14,8,6,5,19
1640,43182,17,16,25,14,12,4,2,15,20,21,22,24,6,5,1
1641,43185,19,25,3,20,4,17,12,21,8,22,14,9,16,5,11
1642,43187,18,19,11,7,5,24,22,6,15,10,13,20,17,25,2
1643,43190,1,10,7,22,19,12,25,16,23,2,14,4,5,3,9
1644,43192,5,18,3,2,6,13,7,24,9,11,8,23,15,4,22
1645,43194,10,16,4,15,2,18,23,3,20,8,9,5,14,21,25
1646,43196,22,9,4,7,25,3,15,13,6,5,1,12,20,18,17
1647,43199,20,1,24,14,12,19,2,22,7,10,4,9,8,25,15
1648,43201,24,13,21,19,4,25,10,15,17,16,9,12,22,11,23
1649,43203,15,22,18,8,13,24,16,5,20,9,4,14,12,17,23
1650,43206,4,13,14,22,25,3,16,10,20,17,15,18,5,19,8
1651,43208,6,24,16,17,19,1,7,20,8,22,3,10,4,2,18
1652,43210,24,25,18,2,5,10,14,6,16,7,17,11,3,4,21
1653,43213,6,20,22,23,17,2,4,7,15,5,12,21,24,25,14
1654,43215,16,20,22,23,3,18,19,13,25,4,2,10,1,6,11
1655,43217,16,19,2,10,6,22,7,20,1,12,14,18,3,5,23
1656,43220,5,2,13,7,24,11,20,19,3,12,10,15,17,23,4
1657,43222,6,18,3,24,17,23,12,4,15,21,10,19,8,20,9
1658,43224,6,7,17,19,20,8,13,12,15,4,18,2,23,16,5
1659,43227,16,25,21,8,15,23,4,14,10,20,9,7,22,12,2
1660,43229,2,10,1,24,13,14,3,25,21,17,7,18,11,20,8
1661,43231,13,7,21,14,12,18,2,17,5,23,22,6,10,3,11
1662,43234,3,13,5,2,11,25,20,22,18,17,10,14,8,1,21
1663,43236,9,12,2,17,21,5,11,23,13,1,7,16,22,6,3
1664,43238,11,4,16,15,7,25,13,18,20,5,17,24,2,6,8
1665,43241,4,5,15,18,23,1,13,17,12,8,22,24,10,2,21
1666,43243,17,21,25,13,12,10,2,1,24,8,5,20,9,6,14
1667,43245,25,24,13,22,4,3,8,18,20,2,1,10,23,11,16
1668,43248,11,17,21,4,16,18,12,5,24,6,14,20,23,25,8
1669,43250,1,8,3,16,5,9,17,7,2,25,6,21,20,12,23
1670,43252,1,13,22,20,14,4,3,16,25,17,2,21,23,11,7
1671,43255,9,15,12,18,8,5,19,4,21,14,25,22,3,10,1
1672,43257,22,18,11,17,25,9,6,8,3,2,5,23,21,24,20
1673,43259,11,9,2,17,5,20,7,1,25,12,24,19,15,4,23
1674,43262,24,9,10,1,5,15,19,21,20,11,2,23,12,4,22
1675,43264,5,14,3,22,7,25,9,21,19,8,2,20,1,23,12
1676,43266,10,25,23,13,8,18,16,3,20,15,9,12,4,14,24
1677,43269,12,9,14,19,17,22,6,16,15,20,11,1,4,18,5
1678,43271,4,16,5,23,6,9,1,24,14,19,8,3,18,20,22
1679,43273,17,19,7,8,10,5,20,21,11,14,23,9,15,16,12
1680,43276,20,13,23,18,25,10,8,2,1,21,12,7,14,3,11
1681,43278,25,8,11,22,20,1,2,7,12,17,15,16,3,10,23
1682,43280,20,15,1,7,13,25,17,9,19,21,18,12,4,6,5
1683,43283,9,13,2,18,15,1,10,17,5,23,24,16,3,25,11
1684,43285,17,9,7,10,13,16,14,12,23,25,4,22,2,15,24
1685,43287,16,11,17,3,2,7,21,12,5,1,24,22,14,19,6
1686,43290,10,15,20,18,19,13,5,17,22,9,23,6,24,2,4
1687,43292,9,19,1,24,2,4,6,20,17,10,14,7,18,3,16
1688,43294,3,24,8,10,19,21,5,13,25,1,22,7,6,15,4
1689,43297,11,7,14,9,6,16,13,1,10,19,23,2,18,22,17
1690,43299,2,16,1,20,15,8,19,5,10,13,7,4,23,25,22
1691,43301,1,13,3,8,4,5,19,7,10,18,12,15,2,16,11
1692,43304,25,22,23,5,18,20,7,15,24,6,17,12,10,14,3
1693,43306,1,19,3,11,22,17,23,14,21,16,20,4,6,7,8
1694,43308,12,11,19,2,24,3,13,5,18,4,17,23,1,9,20
1695,43311,21,13,14,17,22,23,4,9,1,24,18,11,5,25,20
1696,43313,8,12,18,17,10,16,4,5,19,24,7,2,13,14,23
1697,43315,24,23,20,6,22,21,3,10,13,19,25,4,7,18,17
1698,43318,18,20,14,3,2,16,8,19,25,22,9,13,5,21,4
1699,43320,6,21,23,15,8,13,24,9,16,25,10,19,4,14,5
1700,43322,2,8,6,23,24,13,16,12,1,21,7,3,22,14,20
1701,43325,8,6,1,22,2,17,5,16,21,3,10,7,18,13,20
1702,43327,15,10,3,4,7,17,18,14,25,5,22,19,16,11,8
1703,43329,22,18,1,16,9,8,13,17,3,19,14,10,6,12,15
1704,43332,7,18,9,6,2,4,16,20,22,13,14,19,12,10,11
1705,43334,24,20,18,14,19,3,21,4,2,12,9,23,5,16,17
1706,43336,9,2,4,3,7,12,15,13,5,17,21,18,8,20,14
1707,43339,12,21,2,18,17,25,11,22,10,13,23,9,5,16,19
1708,43351,14,13,9,2,1,17,3,10,8,12,18,7,4,6,22
1709,43353,21,13,22,24,3,12,15,11,5,18,1,19,23,20,4
1710,43355,7,2,20,21,5,22,12,4,24,10,17,25,9,6,11
1711,43357,11,14,18,8,23,19,5,3,4,21,13,20,2,1,10
1712,43360,7,5,13,17,10,24,23,15,3,6,1,16,25,14,18
1713,43362,4,20,15,24,13,12,10,9,23,17,19,8,16,21,1
1714,43364,18,6,10,8,5,19,23,15,21,14,24,7,3,1,22
1715,43367,19,25,1,22,24,8,4,21,2,11,18,17,16,13,6
1716,43369,25,11,12,24,23,4,17,16,5,10,7,1,22,3,13
1717,43371,8,21,15,14,9,3,22,10,24,23,4,5,1,11,7
1718,43374,17,8,3,5,24,6,21,12,20,22,2,11,10,18,7
1719,43376,4,21,2,24,6,25,15,20,17,18,23,13,11,3,10
1720,43378,9,13,20,11,25,17,23,4,22,18,3,24,15,10,2
1721,43381,25,6,16,11,1,5,4,15,21,8,24,3,13,19,14
1722,43383,11,12,5,17,4,21,23,25,14,2,8,22,19,7,15
1723,43386,10,1,6,11,22,7,2,4,17,14,13,19,21,18,12
1724,43388,15,22,20,9,11,10,7,16,13,23,21,6,5,18,12
1725,43390,1,12,25,13,19,14,24,5,8,21,18,6,23,15,22
1726,43392,20,19,12,3,11,10,1,15,8,5,14,25,6,22,17
1727,43395,7,1,13,5,10,6,20,22,2,16,24,15,9,14,21
1728,43397,2,7,14,17,21,15,3,10,6,11,5,9,12,22,8
1729,43399,21,12,9,25,10,14,6,18,16,2,1,4,11,24,8
1730,43402,24,15,23,7,1,13,12,22,25,18,8,10,14,19,16
1731,43404,3,8,22,19,17,13,7,24,14,5,25,1,9,10,20
1732,43407,3,14,20,17,12,22,9,21,24,18,19,10,5,13,1
1733,43409,25,9,21,16,15,23,2,12,14,5,19,13,8,1,4
1734,43411,2,15,22,16,21,6,3,25,1,7,8,24,17,10,11
1735,43413,13,6,14,19,21,10,24,1,3,15,25,12,20,23,2
1736,43416,25,6,12,13,9,3,16,15,11,7,23,18,19,24,22
1737,43418,10,4,12,16,25,11,22,18,6,19,5,24,15,2,20
1738,43420,18,13,3,10,24,19,14,9,6,22,1,20,23,21,17
1739,43423,3,5,24,14,4,19,16,8,7,2,20,6,12,22,11
1740,43425,4,8,22,6,11,5,9,18,16,24,10,1,19,2,3
1741,43427,15,18,25,16,5,8,19,1,20,21,12,23,17,11,22
1742,43430,25,16,9,10,18,14,4,21,15,1,12,20,17,8,6
1743,43432,5,6,21,15,13,25,17,22,7,18,24,11,19,10,8
1744,43434,13,19,10,21,18,24,1,17,20,11,23,6,12,15,5
1745,43437,6,11,10,25,18,4,9,20,24,16,21,3,8,2,7
1746,43439,3,6,19,15,22,25,12,4,11,7,16,10,8,23,9
1747,43441,20,21,10,16,13,15,8,17,7,1,4,25,5,6,19
1748,43444,5,10,1,3,9,19,17,11,18,7,22,25,12,21,6
1749,43446,19,4,9,24,12,25,6,21,15,13,20,22,23,16,2
1750,43448,20,17,18,13,4,24,7,12,1,16,10,19,23,22,6
1751,43451,7,18,3,24,1,4,6,10,22,19,15,13,9,12,25
1752,43453,15,7,4,13,16,6,22,9,20,18,3,1,12,17,8
1753,43455,12,3,8,17,24,5,15,2,6,9,22,25,13,1,21
1754,43458,5,17,1,3,20,2,14,13,25,12,24,4,21,10,15
1755,43460,9,3,25,21,2,22,18,8,20,23,11,1,19,16,13
1756,43462,17,13,16,12,6,2,5,24,23,19,8,7,21,1,22
1757,43465,15,18,3,10,25,13,14,4,7,17,20,23,21,22,1
1758,43467,23,22,9,4,17,20,12,19,2,10,14,1,7,8,13
1759,43469,18,22,8,16,14,5,10,23,6,3,4,15,1,2,19
1760,43472,16,23,15,25,14,24,7,1,5,20,6,4,12,3,18
1761,43474,11,21,2,19,13,25,3,17,9,5,10,6,20,1,18
1762,43476,20,22,5,12,17,6,25,7,21,1,23,16,8,2,15
1763,43479,16,24,10,1,8,5,9,11,14,4,15,2,13,3,21
1764,43481,15,6,2,25,19,14,23,17,4,20,16,7,1,12,10
1765,43483,22,5,14,4,17,25,8,13,18,2,21,1,9,3,11
1766,43486,7,10,23,15,16,1,20,12,21,14,8,3,11,13,9
1767,43488,9,15,2,20,5,19,24,16,6,4,7,25,11,10,23
1768,43490,10,25,4,12,18,19,14,17,20,6,23,1,2,24,22
1769,43493,10,3,7,12,23,8,14,20,5,25,16,13,1,17,18
1770,43495,21,2,11,18,20,5,7,19,23,14,12,4,15,22,25
1771,43497,24,11,21,17,13,25,18,19,6,7,15,16,23,10,2
1772,43500,5,19,10,13,9,7,4,24,20,1,14,16,3,21,25
1773,43502,8,16,19,18,13,2,10,25,9,5,17,24,15,21,1
1774,43504,12,7,10,19,25,15,13,23,24,3,20,22,14,9,17
1775,43507,19,17,15,6,11,9,7,16,18,3,8,14,20,23,12
1776,43509,11,25,19,17,12,24,7,23,18,6,13,3,22,4,2
1777,43511,24,21,6,14,8,16,10,25,12,15,18,2,4,20,19
1778,43514,16,19,1,3,8,11,18,21,13,9,24,5,23,10,6
1779,43516,22,19,25,3,2,21,20,23,24,18,9,4,6,8,15
1780,43518,16,22,5,25,11,14,9,4,13,17,15,3,10,8,6
1781,43521,10,15,19,7,9,8,20,22,16,4,18,1,11,5,21
1782,43523,19,1,25,7,20,22,13,8,3,17,2,15,14,12,18
1783,43525,18,25,12,8,20,24,22,4,11,14,3,23,15,10,21
1784,43530,10,1,4,25,19,7,22,11,9,23,17,14,13,18,3
1785,43532,7,6,23,14,1,19,8,5,11,25,9,16,4,17,21
1786,43535,7,20,6,5,21,1,17,12,16,24,3,23,22,4,18
1787,43537,1,12,4,18,7,20,11,10,2,25,14,21,6,19,23
1788,43539,1,6,2,19,18,11,15,13,9,17,14,23,20,7,10
1789,43542,25,21,9,17,8,13,3,24,15,1,22,19,11,14,5
1790,43544,21,6,3,2,24,11,12,25,23,8,18,15,13,1,17
1791,43546,7,2,13,18,15,1,22,20,24,5,10,19,4,8,17
1792,43549,9,15,13,6,7,24,10,25,14,22,3,2,16,17,21
1793,43551,20,10,3,13,18,5,19,1,11,16,24,6,2,23,21
1794,43553,13,16,10,18,21,19,5,11,3,4,24,8,25,22,7
1795,43556,10,8,4,19,17,16,22,13,25,18,2,24,7,9,23
1796,43558,15,19,20,18,5,25,1,12,16,3,23,21,10,24,9
1797,43560,19,6,5,7,24,11,18,9,14,3,15,25,17,10,16
1798,43563,20,9,3,2,13,12,16,14,23,21,15,4,19,7,5
1799,43565,23,5,4,11,2,18,25,22,15,20,10,12,3,24,8
1800,43567,8,7,14,20,21,2,5,16,10,1,15,6,13,12,22
1801,43570,5,1,23,7,24,10,17,18,12,22,13,20,19,4,15
1802,43572,11,12,2,21,5,16,25,15,20,8,24,23,19,14,1
1803,43575,23,9,3,5,7,21,18,6,20,17,19,11,4,24,15
1804,43577,17,13,10,20,22,5,9,19,15,1,24,25,14,8,11
1805,43579,16,18,24,1,15,22,10,23,2,20,4,5,14,9,6
1806,43581,21,2,14,15,16,19,20,25,4,5,7,11,9,1,23
1807,43584,24,7,13,5,1,25,3,8,17,18,20,9,19,14,2
1808,43587,16,24,5,7,11,18,13,22,12,8,3,20,15,19,25
1809,43588,6,1,20,24,14,18,13,16,4,25,9,2,5,17,23
1810,43591,4,1,16,14,12,9,3,7,21,22,6,13,24,25,19
1811,43593,14,18,2,4,21,24,5,20,12,7,6,10,8,3,13
1812,43595,24,21,18,12,13,2,9,25,7,23,20,11,4,19,6
1813,43598,14,16,5,17,1,2,13,23,11,25,4,15,8,20,7
1814,43600,14,7,12,18,5,25,19,2,15,16,23,24,1,21,3
1815,43602,15,20,24,6,7,25,13,19,12,3,18,14,10,11,21
1816,43605,9,11,21,14,15,2,1,20,16,13,7,18,6,8,4
1817,43607,21,24,4,7,22,23,16,18,14,17,9,11,15,1,10
1818,43609,1,16,10,21,14,4,24,8,6,11,15,5,9,23,19
1819,43612,15,14,10,1,9,11,16,17,6,19,23,12,18,13,20
1820,43614,18,17,1,13,22,4,19,10,20,14,7,25,16,5,21
1821,43616,25,10,21,5,17,7,3,4,16,13,9,20,14,19,2
1822,43619,25,19,9,24,21,16,14,17,20,13,1,6,4,12,18
1823,43621,10,19,22,13,6,15,3,7,17,8,16,9,18,5,12
1824,43623,18,20,23,9,16,25,2,11,21,13,14,8,5,17,6
1825,43626,9,10,15,23,22,1,16,21,7,8,11,20,14,3,17
1826,43628,12,2,25,9,22,1,21,8,7,14,19,11,13,5,10
1827,43630,14,13,24,12,19,22,10,17,6,3,4,21,7,18,1
1828,43633,19,13,7,5,6,1,15,21,11,23,12,24,8,9,2
1829,43635,5,13,7,19,21,16,15,3,10,24,22,4,11,2,23
1830,43637,12,1,11,14,3,24,10,19,5,20,23,8,18,17,22
1831,43640,21,20,23,8,10,18,19,2,12,14,4,9,22,16,5
1832,43642,19,10,21,7,8,20,22,2,11,23,25,9,18,24,16
1833,43644,24,23,11,20,12,9,25,15,21,14,16,1,19,7,18
1834,43647,21,23,13,18,20,6,15,5,12,17,19,22,14,2,8
1835,43649,1,4,16,23,20,11,18,21,15,24,7,14,6,13,22
1836,43651,6,15,4,1,3,17,7,9,14,24,18,25,8,12,19
1837,43654,11,12,13,8,16,24,25,5,15,9,21,1,4,6,14
1838,43656,3,9,23,12,16,5,25,21,10,1,8,22,20,15,18
1839,43658,19,1,15,24,25,3,17,23,8,14,4,6,9,18,7
1840,43661,16,6,14,11,7,15,10,19,21,24,12,2,3,13,17
1841,43663,8,3,1,7,6,21,25,2,13,18,17,12,11,4,22
1842,43665,9,19,14,20,3,13,4,12,6,21,5,16,23,17,11
1843,43668,15,6,17,21,8,14,12,24,19,22,16,20,11,4,7
1844,43670,12,17,14,25,5,11,16,15,21,6,8,3,1,23,7
1845,43672,20,11,23,8,6,4,19,17,18,14,15,3,10,21,5
1846,43675,20,3,25,19,18,2,10,9,1,12,15,14,24,11,22
1847,43677,15,19,7,14,23,2,17,3,8,24,1,18,20,5,9
1848,43679,11,15,24,9,3,13,17,21,8,22,7,16,20,18,2
1849,43682,25,21,19,22,17,1,9,13,18,12,11,5,23,14,24
1850,43684,20,15,7,11,21,23,4,5,10,12,16,18,24,14,25
1851,43686,10,19,1,20,16,5,25,13,23,22,6,11,7,8,9
1852,43689,1,19,20,17,12,9,25,24,3,23,10,21,6,13,18
1853,43691,3,15,20,22,1,13,24,5,14,10,17,11,9,16,23
1854,43693,16,4,15,20,8,24,17,5,14,13,22,18,11,6,3
1855,43696,17,15,11,12,1,13,16,20,7,14,24,23,25,5,4
1856,43698,18,10,11,1,3,4,13,16,20,8,23,7,21,17,12
1857,43700,17,22,15,24,25,7,14,2,9,6,4,20,16,23,8
1858,43703,25,3,2,15,17,13,9,21,8,20,7,4,18,22,11
1859,43705,20,6,12,7,21,25,3,13,17,8,24,19,9,16,22
1860,43707,3,24,15,22,1,10,11,2,17,18,21,5,4,19,23
1861,43714,22,6,24,25,18,14,16,7,9,3,8,5,13,2,23
1862,43717,16,21,20,7,3,13,5,18,11,2,23,4,19,24,10
1863,43719,5,8,21,6,14,25,16,9,18,4,2,3,24,22,10
1864,43721,24,10,6,25,14,21,12,3,20,2,9,7,18,8,16
1865,43724,7,2,19,21,3,12,5,14,10,20,25,17,11,6,24
1866,43726,12,21,4,25,23,16,13,14,3,20,2,11,1,5,10
1867,43728,5,13,6,17,1,4,15,7,8,12,16,9,18,2,25
1868,43731,2,11,10,16,8,1,5,21,4,19,24,17,13,14,6
1869,43733,15,24,23,4,17,25,13,21,22,2,1,14,11,10,18
1870,43735,16,25,24,3,1,2,20,4,22,7,10,21,18,6,15
1871,43738,1,24,4,5,13,11,6,8,2,22,7,23,18,14,20
1872,43740,13,1,14,9,20,22,25,8,6,19,17,2,15,21,23
1873,43742,11,17,14,4,23,9,12,5,8,15,19,10,21,1,7
1874,43745,19,1,25,13,14,5,24,6,17,20,8,21,22,9,10
1875,43747,7,13,1,18,22,16,24,23,4,3,14,5,8,21,19
1876,43749,20,8,3,23,18,11,19,2,1,7,16,24,13,22,4
1877,43752,11,25,18,4,8,24,15,9,2,23,12,21,14,19,13
1878,43754,8,1,24,15,3,19,4,10,23,12,17,5,2,6,25
1879,43756,8,16,25,19,20,6,13,11,21,2,4,10,15,5,24
1880,43759,5,23,15,22,18,1,20,11,13,19,7,9,4,24,6
1881,43761,14,3,17,10,1,21,24,4,19,15,16,5,23,18,25
1882,43763,23,13,11,12,24,5,1,9,16,3,14,4,22,15,8
1883,43766,3,11,1,4,15,18,17,21,22,13,8,5,2,23,16
1884,43768,6,25,3,23,11,16,7,2,5,9,14,17,12,8,1
1885,43770,10,9,23,11,25,1,8,21,17,3,22,12,5,14,18
1886,43773,25,16,3,6,20,15,11,9,22,19,1,21,2,14,12
1887,43775,7,17,14,6,4,10,22,9,12,3,16,18,8,11,1
1888,43778,25,17,24,2,8,4,6,7,20,12,22,11,18,23,14
1889,43780,25,2,14,22,4,19,20,23,15,7,6,24,13,1,11
1890,43782,5,1,2,7,10,13,17,21,23,4,9,8,15,16,11
1891,43785,20,16,4,24,6,19,15,25,11,23,7,3,21,14,22
1892,43787,23,7,1,6,10,5,9,21,20,24,19,8,25,3,11
1893,43790,14,15,10,25,7,22,21,19,2,3,5,9,16,4,20
1894,43791,2,18,5,16,12,8,17,21,11,22,19,4,25,15,9
1895,43794,23,2,10,9,24,25,8,19,1,14,3,22,13,6,4
1896,43796,1,8,22,24,17,15,2,18,9,20,21,3,6,16,12
